/*
Navicat MySQL Data Transfer

Source Server         : localhost_mysql
Source Server Version : 50540
Source Host           : localhost:3306
Source Database       : yougo

Target Server Type    : MYSQL
Target Server Version : 50540
File Encoding         : 65001

Date: 2016-03-11 18:40:03
*/

SET FOREIGN_KEY_CHECKS=0;

-- ----------------------------
-- Table structure for adress
-- ----------------------------
DROP TABLE IF EXISTS `adress`;
CREATE TABLE `adress` (
  `id` tinyint(25) NOT NULL AUTO_INCREMENT,
  `userid` tinyint(25) NOT NULL,
  `name` varchar(255) DEFAULT NULL,
  `phone` varchar(255) DEFAULT NULL,
  `adress` varchar(255) DEFAULT NULL,
  `code` varchar(255) DEFAULT NULL,
  PRIMARY KEY (`id`),
  KEY `userid` (`userid`)
) ENGINE=MyISAM AUTO_INCREMENT=24 DEFAULT CHARSET=utf8;

-- ----------------------------
-- Records of adress
-- ----------------------------
INSERT INTO `adress` VALUES ('1', '1', 'mike', '18817802291', 'sspu', '201209');
INSERT INTO `adress` VALUES ('2', '1', 'linda', '18817802281', 'sspu', '201209');
INSERT INTO `adress` VALUES ('3', '1', 'mikelim', '18817802261', 'sspu', '325800');
INSERT INTO `adress` VALUES ('4', '1', 'mikelin', '18817802281', 'sspu', '325800');
INSERT INTO `adress` VALUES ('8', '1', '洪庆祥', '18817802291', '上海第二工业大学', '325800');
INSERT INTO `adress` VALUES ('9', '10', '陈云', '18817802232', '上海第二工业大学', '201209');
INSERT INTO `adress` VALUES ('10', '11', '蓝云', '18817802212', '上海第二工业大学', '201209');
INSERT INTO `adress` VALUES ('11', '12', '陈旭', '18817802254', '上海第二工业大学', '201209');
INSERT INTO `adress` VALUES ('12', '13', '陈玉', '18817802212', '上海第二工业大学', '201209');
INSERT INTO `adress` VALUES ('13', '15', '陈云', '18817802231', '上海第二工业大学', '201209');
INSERT INTO `adress` VALUES ('14', '16', '陈云', '18817803212', '上海第二工业大学', '201509');
INSERT INTO `adress` VALUES ('15', '16', '陈琳', '18817802231', '上海第二工业大学', '201209');
INSERT INTO `adress` VALUES ('16', '17', '陈云', '18817809843', '上海第二工业大学', '201509');
INSERT INTO `adress` VALUES ('17', '17', '陈琳', '18817829532', '上海第二工业大学', '201209');
INSERT INTO `adress` VALUES ('18', '18', '陈云', '18817802432', '上海第二工业大学', '201209');
INSERT INTO `adress` VALUES ('19', '18', '陈琳', '18817805432', '上海第二工业大学', '201209');
INSERT INTO `adress` VALUES ('20', '19', '陈云', '18817802212', '上海第二工业大学', '201209');
INSERT INTO `adress` VALUES ('21', '19', '陈琳', '18817804312', '上海第二工业大学', '201209');
INSERT INTO `adress` VALUES ('22', '20', '陈玉', '18817804322', '上海第二工业大学', '201209');
INSERT INTO `adress` VALUES ('23', '20', '陈琳', '18817802232', '上海第二工业大学', '201209');

-- ----------------------------
-- Table structure for evaluation
-- ----------------------------
DROP TABLE IF EXISTS `evaluation`;
CREATE TABLE `evaluation` (
  `id` tinyint(25) NOT NULL AUTO_INCREMENT,
  `proid` tinyint(25) NOT NULL,
  `userid` tinyint(25) NOT NULL,
  `content` varchar(255) DEFAULT NULL,
  `star` tinyint(11) DEFAULT NULL,
  `createtime` datetime DEFAULT NULL,
  PRIMARY KEY (`id`),
  KEY `proid` (`proid`),
  KEY `userid` (`userid`)
) ENGINE=MyISAM AUTO_INCREMENT=13 DEFAULT CHARSET=utf8;

-- ----------------------------
-- Records of evaluation
-- ----------------------------
INSERT INTO `evaluation` VALUES ('3', '3', '1', '商品质量很好。', '4', '2015-12-08 10:40:49');
INSERT INTO `evaluation` VALUES ('4', '3', '1', '商品有保障！', '5', '2015-12-15 12:37:37');
INSERT INTO `evaluation` VALUES ('2', '3', '1', '商品发出不错，我非常满意！物流速度也超快的！', '5', '2015-12-05 15:24:40');
INSERT INTO `evaluation` VALUES ('7', '1', '1', '物有所值，店家态度也很好！', '5', '2015-12-21 11:11:36');
INSERT INTO `evaluation` VALUES ('8', '1', '1', '商品质量不错！', '5', '2015-12-22 13:10:54');
INSERT INTO `evaluation` VALUES ('9', '11', '13', '商品质量很好，物流很快！', '5', '2016-03-11 15:51:45');
INSERT INTO `evaluation` VALUES ('10', '1', '18', '商品质量很好！物流速度也很快！', '5', '2016-03-11 16:49:52');
INSERT INTO `evaluation` VALUES ('11', '1', '19', '这次购物很愉快！', '5', '2016-03-11 17:03:09');
INSERT INTO `evaluation` VALUES ('12', '1', '20', '商品质量很好，购物非常愉快！', '5', '2016-03-11 17:15:10');

-- ----------------------------
-- Table structure for manager
-- ----------------------------
DROP TABLE IF EXISTS `manager`;
CREATE TABLE `manager` (
  `id` tinyint(25) NOT NULL AUTO_INCREMENT,
  `name` varchar(255) NOT NULL,
  `email` varchar(255) NOT NULL,
  `password` varchar(255) NOT NULL DEFAULT '123456',
  PRIMARY KEY (`id`)
) ENGINE=MyISAM AUTO_INCREMENT=4 DEFAULT CHARSET=utf8;

-- ----------------------------
-- Records of manager
-- ----------------------------
INSERT INTO `manager` VALUES ('1', 'jude_hong', '1105734577@qq.com', '123456');
INSERT INTO `manager` VALUES ('2', 'jude', '11111@qq.com', '123456');
INSERT INTO `manager` VALUES ('3', 'linda', '22222@qq.com', '123456');

-- ----------------------------
-- Table structure for orderdetail
-- ----------------------------
DROP TABLE IF EXISTS `orderdetail`;
CREATE TABLE `orderdetail` (
  `id` tinyint(25) NOT NULL AUTO_INCREMENT,
  `orderid` tinyint(25) NOT NULL,
  `proid` tinyint(25) NOT NULL,
  `num` tinyint(11) DEFAULT NULL,
  `price` float(22,2) DEFAULT NULL,
  `styleid` tinyint(25) NOT NULL,
  PRIMARY KEY (`id`),
  KEY `orderid` (`orderid`),
  KEY `proid` (`proid`),
  KEY `styleid` (`styleid`)
) ENGINE=MyISAM AUTO_INCREMENT=57 DEFAULT CHARSET=utf8;

-- ----------------------------
-- Records of orderdetail
-- ----------------------------
INSERT INTO `orderdetail` VALUES ('2', '5', '3', '1', '3250.00', '3');
INSERT INTO `orderdetail` VALUES ('3', '6', '3', '1', '3250.00', '3');
INSERT INTO `orderdetail` VALUES ('4', '7', '4', '1', '4568.00', '5');
INSERT INTO `orderdetail` VALUES ('5', '7', '3', '1', '3250.00', '3');
INSERT INTO `orderdetail` VALUES ('6', '8', '4', '1', '4568.00', '5');
INSERT INTO `orderdetail` VALUES ('7', '8', '3', '1', '3250.00', '3');
INSERT INTO `orderdetail` VALUES ('8', '9', '5', '1', '4888.00', '7');
INSERT INTO `orderdetail` VALUES ('9', '10', '1', '1', '2285.00', '1');
INSERT INTO `orderdetail` VALUES ('10', '11', '1', '1', '2285.00', '1');
INSERT INTO `orderdetail` VALUES ('11', '12', '1', '1', '2285.00', '1');
INSERT INTO `orderdetail` VALUES ('12', '13', '6', '1', '7688.00', '11');
INSERT INTO `orderdetail` VALUES ('13', '13', '5', '1', '4888.00', '7');
INSERT INTO `orderdetail` VALUES ('14', '14', '2', '3', '2566.00', '2');
INSERT INTO `orderdetail` VALUES ('15', '15', '1', '2', '2285.00', '1');
INSERT INTO `orderdetail` VALUES ('16', '16', '2', '1', '2566.00', '2');
INSERT INTO `orderdetail` VALUES ('17', '17', '10', '2', '2999.00', '23');
INSERT INTO `orderdetail` VALUES ('18', '18', '10', '1', '2999.00', '23');
INSERT INTO `orderdetail` VALUES ('19', '18', '10', '2', '2999.00', '23');
INSERT INTO `orderdetail` VALUES ('20', '19', '9', '1', '8888.00', '20');
INSERT INTO `orderdetail` VALUES ('21', '20', '9', '10', '8888.00', '20');
INSERT INTO `orderdetail` VALUES ('22', '21', '1', '3', '2285.00', '1');
INSERT INTO `orderdetail` VALUES ('23', '22', '1', '7', '2285.00', '1');
INSERT INTO `orderdetail` VALUES ('24', '23', '3', '2', '3250.00', '4');
INSERT INTO `orderdetail` VALUES ('25', '24', '10', '8', '2999.00', '23');
INSERT INTO `orderdetail` VALUES ('26', '24', '7', '3', '3588.00', '15');
INSERT INTO `orderdetail` VALUES ('27', '25', '6', '1', '7688.00', '12');
INSERT INTO `orderdetail` VALUES ('41', '37', '1', '1', '2285.00', '1');
INSERT INTO `orderdetail` VALUES ('42', '38', '2', '1', '2566.00', '2');
INSERT INTO `orderdetail` VALUES ('43', '38', '7', '1', '3588.00', '15');
INSERT INTO `orderdetail` VALUES ('44', '39', '11', '1', '2699.00', '25');
INSERT INTO `orderdetail` VALUES ('45', '40', '3', '1', '3250.00', '3');
INSERT INTO `orderdetail` VALUES ('46', '40', '6', '1', '7688.00', '11');
INSERT INTO `orderdetail` VALUES ('47', '41', '1', '1', '2285.00', '1');
INSERT INTO `orderdetail` VALUES ('48', '42', '2', '1', '2566.00', '2');
INSERT INTO `orderdetail` VALUES ('49', '42', '10', '1', '2999.00', '24');
INSERT INTO `orderdetail` VALUES ('50', '43', '1', '1', '2285.00', '1');
INSERT INTO `orderdetail` VALUES ('51', '44', '2', '1', '2566.00', '2');
INSERT INTO `orderdetail` VALUES ('52', '44', '12', '1', '1938.00', '27');
INSERT INTO `orderdetail` VALUES ('53', '45', '1', '1', '2285.00', '1');
INSERT INTO `orderdetail` VALUES ('54', '46', '2', '1', '2566.00', '2');
INSERT INTO `orderdetail` VALUES ('55', '46', '8', '1', '6088.00', '19');
INSERT INTO `orderdetail` VALUES ('56', '47', '1', '1', '2285.00', '1');

-- ----------------------------
-- Table structure for orders
-- ----------------------------
DROP TABLE IF EXISTS `orders`;
CREATE TABLE `orders` (
  `id` tinyint(25) NOT NULL AUTO_INCREMENT,
  `ordernumber` char(255) NOT NULL,
  `price` float(22,2) DEFAULT NULL,
  `context` text,
  `state` varchar(255) DEFAULT NULL COMMENT '未发货',
  `userid` tinyint(25) NOT NULL,
  `createtime` datetime DEFAULT NULL,
  PRIMARY KEY (`id`),
  KEY `userid` (`userid`)
) ENGINE=MyISAM AUTO_INCREMENT=48 DEFAULT CHARSET=utf8;

-- ----------------------------
-- Records of orders
-- ----------------------------
INSERT INTO `orders` VALUES ('5', 'A884103', '3250.00', '两个', '已签收', '1', '2015-12-01 18:17:43');
INSERT INTO `orders` VALUES ('6', 'A884106', '3250.00', '两个', '已签收', '1', '2015-12-01 18:17:58');
INSERT INTO `orders` VALUES ('7', 'A025531', '7818.00', '两个', '发货中', '1', '2015-12-04 23:13:45');
INSERT INTO `orders` VALUES ('8', 'A133190', '7818.00', '两个', '发货中', '1', '2015-12-04 23:15:33');
INSERT INTO `orders` VALUES ('9', 'A161195', '4888.00', '两个', '已签收', '1', '2015-12-05 12:36:01');
INSERT INTO `orders` VALUES ('10', 'A512313', '2285.00', '', '已签收', '1', '2015-12-06 17:51:55');
INSERT INTO `orders` VALUES ('11', 'A544094', '2285.00', '', '发货中', '1', '2015-12-06 17:52:24');
INSERT INTO `orders` VALUES ('12', 'A348933', '2285.00', '', '已签收', '1', '2015-12-08 10:39:23');
INSERT INTO `orders` VALUES ('13', 'A417776', '12576.00', '', '未发货', '1', '2015-12-08 10:40:17');
INSERT INTO `orders` VALUES ('14', 'A550229', '7698.00', '', '未发货', '1', '2015-12-09 18:05:50');
INSERT INTO `orders` VALUES ('15', 'A264638', '4570.00', '', '未发货', '1', '2015-12-15 12:21:08');
INSERT INTO `orders` VALUES ('16', 'A293145', '2566.00', '', '未发货', '1', '2015-12-15 12:21:33');
INSERT INTO `orders` VALUES ('17', 'A058598', '5998.00', '', '未发货', '1', '2015-12-15 12:34:31');
INSERT INTO `orders` VALUES ('18', 'A206044', '8997.00', '', '未发货', '1', '2015-12-15 12:36:46');
INSERT INTO `orders` VALUES ('19', 'A766584', '8888.00', '', '未发货', '1', '2015-12-15 13:36:08');
INSERT INTO `orders` VALUES ('20', 'A322575', '88880.00', 'hongqingxiangqusi', '未发货', '1', '2015-12-15 15:25:39');
INSERT INTO `orders` VALUES ('21', 'A584574', '6855.00', '', '未发货', '1', '2015-12-15 15:29:49');
INSERT INTO `orders` VALUES ('22', 'A714892', '15995.00', '', '未发货', '1', '2015-12-15 15:31:59');
INSERT INTO `orders` VALUES ('23', 'A460590', '6500.00', '', '未发货', '1', '2015-12-21 11:11:04');
INSERT INTO `orders` VALUES ('24', 'A568700', '34756.00', '', '未发货', '1', '2015-12-21 11:12:48');
INSERT INTO `orders` VALUES ('25', 'A534668', '7688.00', '', '未发货', '1', '2015-12-22 12:45:37');
INSERT INTO `orders` VALUES ('37', 'A335177', '2285.00', '', '发货中', '12', '2016-03-11 15:45:37');
INSERT INTO `orders` VALUES ('38', 'A616125', '6154.00', '', '发货中', '13', '2016-03-11 15:50:16');
INSERT INTO `orders` VALUES ('39', 'A639590', '2699.00', '', '已签收', '13', '2016-03-11 15:50:42');
INSERT INTO `orders` VALUES ('40', 'A105269', '10938.00', '', '未发货', '16', '2016-03-11 16:31:45');
INSERT INTO `orders` VALUES ('41', 'A121455', '2285.00', '', '未发货', '16', '2016-03-11 16:32:07');
INSERT INTO `orders` VALUES ('42', 'A096428', '5565.00', '', '发货中', '18', '2016-03-11 16:48:16');
INSERT INTO `orders` VALUES ('43', 'A121821', '2285.00', '', '已签收', '18', '2016-03-11 16:48:44');
INSERT INTO `orders` VALUES ('44', 'A881953', '4504.00', '', '发货中', '19', '2016-03-11 17:01:21');
INSERT INTO `orders` VALUES ('45', 'A899362', '2285.00', '', '已签收', '19', '2016-03-11 17:01:42');
INSERT INTO `orders` VALUES ('46', 'A607927', '8654.00', '', '发货中', '20', '2016-03-11 17:13:27');
INSERT INTO `orders` VALUES ('47', 'A625454', '2285.00', '', '已签收', '20', '2016-03-11 17:13:48');

-- ----------------------------
-- Table structure for product
-- ----------------------------
DROP TABLE IF EXISTS `product`;
CREATE TABLE `product` (
  `id` tinyint(25) NOT NULL AUTO_INCREMENT,
  `name` varchar(255) DEFAULT NULL,
  `typeid` tinyint(25) NOT NULL,
  `price` float(22,2) DEFAULT NULL,
  `oldprice` float(22,2) DEFAULT NULL,
  `procode` varchar(255) DEFAULT NULL,
  `parameter` text,
  `groundingstate` varchar(255) DEFAULT NULL,
  `grounding` datetime DEFAULT NULL,
  `undercarriage` datetime DEFAULT NULL,
  `indeximage` text,
  `clicknum` bigint(125) DEFAULT NULL,
  `salenum` bigint(125) DEFAULT NULL,
  `allocunt` bigint(125) DEFAULT NULL,
  `discount` float(22,1) DEFAULT NULL,
  PRIMARY KEY (`id`),
  KEY `typeid` (`typeid`)
) ENGINE=MyISAM AUTO_INCREMENT=52 DEFAULT CHARSET=utf8;

-- ----------------------------
-- Records of product
-- ----------------------------
INSERT INTO `product` VALUES ('1', 'iphone4', '1', '2285.00', '2400.00', 'A454544', '<table class=\"table3\">\r\n                <tbody><tr><th rowspan=\"1\" name=\"s1\" style=\"border-top:0px;\">基本参数</th><td style=\"border-top:0px;\" class=\"td2\"><a style=\"color:#333333;text-decoration:none;\" rel=\"nofollow\">手机型号</a></td><td style=\"border-top:0px;\" class=\"td3\">苹果4,爱疯4,iP4</td></tr><tr><th rowspan=\"3\" name=\"s2\">网络参数</th><td class=\"td2\"><a style=\"color:#333333;text-decoration:none;\" rel=\"nofollow\">手机版本</a></td><td class=\"td3\">国行</td></tr><tr><td class=\"td4\"><a rel=\"nofollow\" href=\"http://product.it168.com/cword/299.shtml\">支持运营商</a></td><td class=\"td5\">联通3G(WCDMA),移动2G/联通2G(GSM)</td></tr><tr><td class=\"td4\"><a rel=\"nofollow\" href=\"http://product.it168.com/cword/307.shtml\">支持频段</a></td><td class=\"td5\">移动/联通2G:GSM 850/900/1800/1900MHz联通3G:WCDMA 2100</td></tr><tr><th rowspan=\"4\" name=\"s3\">屏幕参数</th><td class=\"td2\"><a style=\"color:#333333;text-decoration:none;\" rel=\"nofollow\">触控类型</a></td><td class=\"td3\">电容屏<br>多点触摸</td></tr><tr><td class=\"td4\"><a rel=\"nofollow\" href=\"http://product.it168.com/cword/362.shtml\">主屏尺寸</a></td><td class=\"td5\">3.5英寸</td></tr><tr><td class=\"td4\"><a rel=\"nofollow\" href=\"http://product.it168.com/cword/356.shtml\">主屏材质</a></td><td class=\"td5\">IPS</td></tr><tr><td class=\"td4\"><a style=\"color:#333333;text-decoration:none;\" rel=\"nofollow\">主屏分辨率</a></td><td class=\"td5\">640×960</td></tr><tr><th rowspan=\"8\" name=\"s4\">硬件参数</th><td class=\"td2\"><a rel=\"nofollow\" href=\"http://product.it168.com/cword/2981.shtml\">操作系统</a></td><td class=\"td3\">iOS5</td></tr><tr><td class=\"td4\"><a rel=\"nofollow\" href=\"http://product.it168.com/cword/3607.shtml\">CPU型号</a></td><td class=\"td5\">Apple A4 1GHz</td></tr><tr><td class=\"td4\"><a style=\"color:#333333;text-decoration:none;\" rel=\"nofollow\">核心数</a></td><td class=\"td5\">单核</td></tr><tr><td class=\"td4\"><a style=\"color:#333333;text-decoration:none;\" rel=\"nofollow\">GPU型号</a></td><td class=\"td5\">Imagination PowerVR SGX535</td></tr><tr><td class=\"td4\"><a style=\"color:#333333;text-decoration:none;\" rel=\"nofollow\">运行内存RAM</a></td><td class=\"td5\">512MB</td></tr><tr><td class=\"td4\"><a rel=\"nofollow\" href=\"http://product.it168.com/cword/2890.shtml\">机身存储</a></td><td class=\"td5\">16GB</td></tr><tr><td class=\"td4\"><a style=\"color:#333333;text-decoration:none;\" rel=\"nofollow\">SIM卡规格</a></td><td class=\"td5\">小卡(Micro-SIM卡)</td></tr><tr><td class=\"td4\"><a rel=\"nofollow\" href=\"http://product.it168.com/cword/364.shtml\">电池容量</a></td><td class=\"td5\">1420毫安时 <a style=\"font-size:12px;\" href=\"http://product.it168.com/list/b/0333_1.shtml\">查看手机电池报价</a></td></tr><tr><th rowspan=\"5\" name=\"s5\">相机参数 </th><td class=\"td2\"><a rel=\"nofollow\" href=\"http://product.it168.com/cword/890.shtml\">后置摄像头</a></td><td class=\"td3\">500万</td></tr><tr><td class=\"td4\"><a style=\"color:#333333;text-decoration:none;\" rel=\"nofollow\">前置摄像头</a></td><td class=\"td5\">30万</td></tr><tr><td class=\"td4\"><a style=\"color:#333333;text-decoration:none;\" rel=\"nofollow\">传感器类型</a></td><td class=\"td5\">内置</td></tr><tr><td class=\"td4\"><a style=\"color:#333333;text-decoration:none;\" rel=\"nofollow\">闪光灯</a></td><td class=\"td5\">LED补光灯</td></tr><tr><td class=\"td4\"><a style=\"color:#333333;text-decoration:none;\" rel=\"nofollow\">视频拍摄(后置)</a></td><td class=\"td5\">支持, 720p(1280×720,30帧/秒)</td></tr><tr><th rowspan=\"3\" name=\"s6\">外观参数</th><td class=\"td2\"><a style=\"color:#333333;text-decoration:none;\" rel=\"nofollow\">机身颜色</a></td><td class=\"td3\">黑色</td></tr><tr><td class=\"td4\"><a style=\"color:#333333;text-decoration:none;\" rel=\"nofollow\">手机尺寸</a></td><td class=\"td5\">115.2×58.6×9.3</td></tr><tr><td class=\"td4\"><a style=\"color:#333333;text-decoration:none;\" rel=\"nofollow\">手机重量</a></td><td class=\"td5\">137克</td></tr><tr><th rowspan=\"5\" name=\"s7\">传输功能</th><td class=\"td2\"><a style=\"color:#333333;text-decoration:none;\" rel=\"nofollow\">内置GPS导航模块</a></td><td class=\"td3\">支持</td></tr><tr><td class=\"td4\"><a rel=\"nofollow\" href=\"http://product.it168.com/cword/3568.shtml\">WiFi无线上网</a></td><td class=\"td5\">支持WAPI兼容WIFI(802.11n)</td></tr><tr><td class=\"td4\"><a style=\"color:#333333;text-decoration:none;\" rel=\"nofollow\">WiFi热点</a></td><td class=\"td5\">支持, 通过WiFi共享手机3G网络</td></tr><tr><td class=\"td4\"><a rel=\"nofollow\" href=\"http://product.it168.com/cword/332.shtml\">蓝牙</a></td><td class=\"td5\">蓝牙2.1+EDR, A2DP立体声蓝牙耳机功能 <a style=\"font-size:12px;\" href=\"http://product.it168.com/list/b/0329_1.shtml\">查看蓝牙耳机报价</a></td></tr><tr><td class=\"td4\"><a style=\"color:#333333;text-decoration:none;\" rel=\"nofollow\">耳机接口类型</a></td><td class=\"td5\">3.5 mm <a style=\"font-size:12px;\" href=\"http://product.it168.com/list/b/1264_1.shtml\">查看手机耳机报价</a></td></tr><tr><th rowspan=\"3\" name=\"s8\">影音参数</th><td class=\"td2\"><a rel=\"nofollow\" href=\"http://product.it168.com/cword/2836.shtml\">音频格式</a></td><td class=\"td3\">MP3、WAV、AIFF、Apple lossless等, iPod音乐播放器</td></tr><tr><td class=\"td4\"><a style=\"color:#333333;text-decoration:none;\" rel=\"nofollow\">音效模式</a></td><td class=\"td5\">支持</td></tr><tr><td class=\"td4\"><a rel=\"nofollow\" href=\"http://product.it168.com/cword/3567.shtml\">视频格式</a></td><td class=\"td5\">MP4、MOV、AVI等</td></tr><tr><th rowspan=\"4\" name=\"s9\">感应和优化</th><td class=\"td2\"><a style=\"color:#333333;text-decoration:none;\" rel=\"nofollow\">重力感应</a></td><td class=\"td3\">支持</td></tr><tr><td class=\"td4\"><a style=\"color:#333333;text-decoration:none;\" rel=\"nofollow\">光线传感器</a></td><td class=\"td5\">支持</td></tr><tr><td class=\"td4\"><a style=\"color:#333333;text-decoration:none;\" rel=\"nofollow\">距离感应</a></td><td class=\"td5\">支持</td></tr><tr><td class=\"td4\"><a style=\"color:#333333;text-decoration:none;\" rel=\"nofollow\">电子罗盘</a></td><td class=\"td5\">支持</td></tr>\r\n            </tbody></table>', '是', '2015-01-01 10:25:22', '2017-12-29 10:24:49', 'http://2e.zol-img.com.cn/product/49_800x600/148/ceZGtLN6jncbA.jpg', '1298', '876', '1600', '1.0');
INSERT INTO `product` VALUES ('4', 'iPhone6 Plus', '1', '4568.00', '5450.00', 'A345454', '<table class=\"Ptable\" border=\"0\" cellpadding=\"0\" cellspacing=\"1\" width=\"100%\">\r\n                        <tbody><tr><th class=\"tdTitle\" colspan=\"2\">主体</th></tr><tr>\r\n                              </tr><tr><td class=\"tdTitle\">品牌</td><td>苹果（Apple）</td></tr>\r\n                                        <tr><td class=\"tdTitle\">型号</td><td>iPhone 6 Plus A1524</td></tr>\r\n                                        <tr><td class=\"tdTitle\">颜色</td><td>金色</td></tr>\r\n                                        <tr><td class=\"tdTitle\">上市年份</td><td>2014年</td></tr>\r\n                                        <tr><td class=\"tdTitle\">上市月份</td><td>9月</td></tr>\r\n                                        <tr><td class=\"tdTitle\">输入方式</td><td>触控</td></tr>\r\n                                        <tr><td class=\"tdTitle\">智能机</td><td>是</td></tr>\r\n                                        <tr><td class=\"tdTitle\">操作系统</td><td>苹果（IOS）</td></tr>\r\n                                        <tr><td class=\"tdTitle\">操作系统版本</td><td>IOS</td></tr>\r\n                                        <tr><td class=\"tdTitle\">CPU品牌</td><td>苹果</td></tr>\r\n                                        <tr><td class=\"tdTitle\">CPU说明</td><td>配备 64 位架构的 A8 芯片,M8 运动协处理器</td></tr>\r\n                                        <tr><td class=\"tdTitle\">运营商标志或内容</td><td>无</td></tr>\r\n                                                    <tr><th class=\"tdTitle\" colspan=\"2\">网络</th></tr><tr>\r\n                              </tr><tr><td class=\"tdTitle\">4G网络制式</td><td>移动4G(TD-LTE)/联通4G(FDD-LTE)/电信4G(FDD-LTE)</td></tr>\r\n                                        <tr><td class=\"tdTitle\">3G网络制式</td><td>移动3G(TD-SCDMA)/联通3G(WCDMA)/电信3G（CDMA2000）</td></tr>\r\n                                        <tr><td class=\"tdTitle\">2G网络制式</td><td>移动2G/联通2G(GSM)/电信2G(CDMA)</td></tr>\r\n                                        <tr><td class=\"tdTitle\">网络频率</td><td>FDD-LTE/TD-LTE/WCDMA/TD-SCDMA/CDMA2000/GSM/CDMA</td></tr>\r\n                                                    <tr><th class=\"tdTitle\" colspan=\"2\">存储</th></tr><tr>\r\n                              </tr><tr><td class=\"tdTitle\">机身内存</td><td>64GB ROM</td></tr>\r\n                                        <tr><td class=\"tdTitle\">储存卡类型</td><td>不支持</td></tr>\r\n                                                    <tr><th class=\"tdTitle\" colspan=\"2\">显示</th></tr><tr>\r\n                              </tr><tr><td class=\"tdTitle\">屏幕尺寸</td><td>5.5英寸</td></tr>\r\n                                        <tr><td class=\"tdTitle\">触摸屏</td><td>Retina HD 高清显示屏</td></tr>\r\n                                        <tr><td class=\"tdTitle\">分辨率</td><td>1920 x 1080</td></tr>\r\n                                                    <tr><th class=\"tdTitle\" colspan=\"2\">感应器</th></tr><tr>\r\n                              </tr><tr><td class=\"tdTitle\">GPS模块</td><td>支持</td></tr>\r\n                                        <tr><td class=\"tdTitle\">重力感应</td><td>支持</td></tr>\r\n                                        <tr><td class=\"tdTitle\">光线感应</td><td>支持</td></tr>\r\n                                        <tr><td class=\"tdTitle\">距离感应</td><td>支持</td></tr>\r\n                                                    <tr><th class=\"tdTitle\" colspan=\"2\">摄像功能</th></tr><tr>\r\n                              </tr><tr><td class=\"tdTitle\">后置摄像头</td><td>800万像素</td></tr>\r\n                                        <tr><td class=\"tdTitle\">前置摄像头</td><td>120万像素</td></tr>\r\n                                        <tr><td class=\"tdTitle\">闪光灯</td><td>True Tone 闪光灯</td></tr>\r\n                                        <tr><td class=\"tdTitle\">其他性能</td><td>五镜式镜头;混合红外线滤镜;背照式感光元件;蓝宝石水晶镜头表面;自动图像防抖动功能;自动 HDR 照片;优化的面部识别功能;曝光控制;全景模式 (高达 4300 万像素);连拍快照模式;轻点对焦;照片地理标记功能;计时模式</td></tr>\r\n                                                    <tr><th class=\"tdTitle\" colspan=\"2\">娱乐功能</th></tr><tr>\r\n                              </tr><tr><td class=\"tdTitle\">音乐播放</td><td>AAC (8 至 320 Kbps)、Protected AAC (来自 iTunes Store)、HE-AAC、MP3 (8 至 320 Kbps)、MP3 VBR、Audible (格式 2、3、4，Audible Enhanced Audio、AAX 与 AAX+)、Apple Lossless、AIFF 与 WAV</td></tr>\r\n                                        <tr><td class=\"tdTitle\">视频播放</td><td>H.264 视频，最高可达 1080p，60 fps；High Profile level 4.2 和 AAC-LC 音频，最高可达 160 Kbps，48kHz；立体声音频，文件格式为 .m4v、.mp4 和 .mov；MPEG-4 视频，最高可达 2.5 Mbps，640 x 480 像素，30 fps；Simple Profile 和 AAC-LC 音频，每声道最高可达 160 Kbps，48kHz，立体声音频，文件格式为 .m4v, .mp4 和 .mov；Motion JPEG (M-JPEG)，最高可达 35 Mbps，1280 x 720 像素，30 fps；ulaw 音频和 PCM 立体声音频，文件格式为 .avi</td></tr>\r\n                                                    <tr><th class=\"tdTitle\" colspan=\"2\">传输功能</th></tr><tr>\r\n                              </tr><tr><td class=\"tdTitle\">Wi-Fi</td><td>支持</td></tr>\r\n                                        <tr><td class=\"tdTitle\">蓝牙</td><td>支持</td></tr>\r\n                                        <tr><td class=\"tdTitle\">WIFI热点</td><td>支持</td></tr>\r\n                                                    <tr><th class=\"tdTitle\" colspan=\"2\">其他</th></tr><tr>\r\n                              </tr><tr><td class=\"tdTitle\">SIM卡尺寸</td><td>Nano SIM卡</td></tr>\r\n                                        <tr><td class=\"tdTitle\">电池类型</td><td>锂电池</td></tr>\r\n                                        <tr><td class=\"tdTitle\">电池更换</td><td>不支持</td></tr>\r\n                                        <tr><td class=\"tdTitle\">理论通话时间（小时）</td><td>使用 3G 网络时长达 24 小时</td></tr>\r\n                                        <tr><td class=\"tdTitle\">理论待机时间（小时）</td><td>长达 16 天 (384 小时)</td></tr>\r\n                                        <tr><td class=\"tdTitle\">数据线</td><td>Lightning</td></tr>\r\n                                        <tr><td class=\"tdTitle\">耳机接口</td><td>3.5mm</td></tr>\r\n                                        <tr><td class=\"tdTitle\">机身尺寸（mm）</td><td>158.1*77.8*7.1</td></tr>\r\n                                        <tr><td class=\"tdTitle\">机身重量（g）</td><td>172</td></tr>\r\n                                       </tbody></table>', '是', '2015-01-01 22:25:22', '2017-12-29 22:24:49', 'http://2b.zol-img.com.cn/product/148_800x600/923/cex6sL0uJ9USg.jpg', '6579', '566', '2100', '1.0');
INSERT INTO `product` VALUES ('5', 'iPhone 6s', '1', '4888.00', '5455.00', 'A212332', '<table class=\"Ptable\" border=\"0\" cellpadding=\"0\" cellspacing=\"1\" width=\"100%\">\r\n                        <tbody><tr><th class=\"tdTitle\" colspan=\"2\">主体</th></tr><tr>\r\n                              </tr><tr><td class=\"tdTitle\">品牌</td><td>Apple</td></tr>\r\n                                        <tr><td class=\"tdTitle\">型号</td><td>iPhone 6S</td></tr>\r\n                                        <tr><td class=\"tdTitle\">颜色</td><td>深空灰色</td></tr>\r\n                                        <tr><td class=\"tdTitle\">上市年份</td><td>2015年</td></tr>\r\n                                        <tr><td class=\"tdTitle\">上市月份</td><td>9月</td></tr>\r\n                                        <tr><td class=\"tdTitle\">输入方式</td><td>触控</td></tr>\r\n                                        <tr><td class=\"tdTitle\">智能机</td><td>是</td></tr>\r\n                                        <tr><td class=\"tdTitle\">操作系统</td><td>苹果（IOS）</td></tr>\r\n                                        <tr><td class=\"tdTitle\">操作系统版本</td><td>IOS</td></tr>\r\n                                        <tr><td class=\"tdTitle\">CPU品牌</td><td>苹果</td></tr>\r\n                                        <tr><td class=\"tdTitle\">CPU说明</td><td>64 位架构的 A9 芯片，嵌入式 M9 运动协处理器</td></tr>\r\n                                        <tr><td class=\"tdTitle\">运营商标志或内容</td><td>无</td></tr>\r\n                                                    <tr><th class=\"tdTitle\" colspan=\"2\">网络</th></tr><tr>\r\n                              </tr><tr><td class=\"tdTitle\">4G网络制式</td><td>移动4G(TD-LTE)/联通4G(FDD-LTE)/电信4G(FDD-LTE)</td></tr>\r\n                                        <tr><td class=\"tdTitle\">3G网络制式</td><td>移动3G(TD-SCDMA)/联通3G(WCDMA)/电信3G（CDMA2000）</td></tr>\r\n                                        <tr><td class=\"tdTitle\">2G网络制式</td><td>移动2G/联通2G(GSM)/电信2G(CDMA)</td></tr>\r\n                                        <tr><td class=\"tdTitle\">网络频率</td><td>FDD-LTE (频段 1, 2, 3, 4, 5, 7, 8, 12, 13, 17, 18, 19, 20, 25, 26, 27, 28, 29)<br>TD-LTE (频段 38, 39, 40, 41)<br>TD-SCDMA 1900 (F), 2000 (A)<br>CDMA EV-DO Rev. A (800, 1700/2100, 1900, 2100 MHz)<br>UMTS(WCDMA)/HSPA+/DC-HSDPA (850, 900, 1700/2100, 1900, 2100 MHz)<br>GSM/EDGE (850, 900, 1800, 1900 MHz)</td></tr>\r\n                                                    <tr><th class=\"tdTitle\" colspan=\"2\">存储</th></tr><tr>\r\n                              </tr><tr><td class=\"tdTitle\">机身内存</td><td>16GB ROM</td></tr>\r\n                                        <tr><td class=\"tdTitle\">储存卡类型</td><td>不支持</td></tr>\r\n                                                    <tr><th class=\"tdTitle\" colspan=\"2\">显示</th></tr><tr>\r\n                              </tr><tr><td class=\"tdTitle\">屏幕尺寸</td><td>4.7英寸</td></tr>\r\n                                        <tr><td class=\"tdTitle\">触摸屏</td><td>具备 3D Touch 技术的 Retina HD 显示屏<br>1400：1 对比度 (标准)<br>500 cd/m2 最大亮度 (标准)<br>全 sRGB 标准<br>支持广阔视角的双域像素<br>正面采用防油渍防指纹涂层<br>支持多种语言文字同时显示<br>放大显示<br>便捷访问功能</td></tr>\r\n                                        <tr><td class=\"tdTitle\">分辨率</td><td>1334 x 750</td></tr>\r\n                                        <tr><td class=\"tdTitle\">PPI</td><td>326</td></tr>\r\n                                                    <tr><th class=\"tdTitle\" colspan=\"2\">感应器</th></tr><tr>\r\n                              </tr><tr><td class=\"tdTitle\">GPS模块</td><td>支持</td></tr>\r\n                                        <tr><td class=\"tdTitle\">重力感应</td><td>支持</td></tr>\r\n                                        <tr><td class=\"tdTitle\">光线感应</td><td>支持</td></tr>\r\n                                        <tr><td class=\"tdTitle\">距离感应</td><td>支持</td></tr>\r\n                                        <tr><td class=\"tdTitle\">陀螺仪</td><td>支持</td></tr>\r\n                                                    <tr><th class=\"tdTitle\" colspan=\"2\">摄像功能</th></tr><tr>\r\n                              </tr><tr><td class=\"tdTitle\">后置摄像头</td><td>1200万像素</td></tr>\r\n                                        <tr><td class=\"tdTitle\">前置摄像头</td><td>500万像素</td></tr>\r\n                                        <tr><td class=\"tdTitle\">闪光灯</td><td>True Tone 闪光灯</td></tr>\r\n                                        <tr><td class=\"tdTitle\">自动对焦</td><td>Focus Pixels 自动对焦</td></tr>\r\n                                        <tr><td class=\"tdTitle\">其他性能</td><td>全新 1200 万像素 iSight 摄像头，单个像素尺寸为 1.22 微米<br>Live Photos<br>全景模式 (高达 6300 万像素)<br>自动 HDR 照片<br>曝光控制<br>连拍快照模式<br>计时模式<br>F/2.2 光圈<br>五镜式镜头<br>混合红外线滤镜<br>背照式感光元件<br>蓝宝石水晶镜头表面<br>自动图像防抖功能<br>优化的局部色调映射功能<br>优化的降噪功能<br>面部识别功能<br>照片地理标记功能</td></tr>\r\n                                                    <tr><th class=\"tdTitle\" colspan=\"2\">娱乐功能</th></tr><tr>\r\n                              </tr><tr><td class=\"tdTitle\">音乐播放</td><td>AAC (8 至 320 Kbps)、Protected AAC (来自 iTunes Store)、HE-AAC、MP3 (8 至 320 Kbps)、MP3 VBR、Audible (格式 2、3、4，Audible Enhanced Audio、AAX 与 AAX+)、Apple Lossless、AIFF 与 WAV</td></tr>\r\n                                        <tr><td class=\"tdTitle\">视频播放</td><td>H.264 视频，最高可达 1080p，60 fps；High Profile level 4.2 和 AAC-LC 音频，最高可达 160 Kbps，48kHz；立体声音频，文件格式为 .m4v、.mp4 和 .mov；MPEG-4 视频，最高可达 2.5 Mbps，640 x 480 像素，30 fps；Simple Profile 和 AAC-LC 音频，每声道最高可达 160 Kbps，48kHz，立体声音频，文件格式为 .m4v, .mp4 和 .mov；Motion JPEG (M-JPEG)，最高可达 35 Mbps，1280 x 720 像素，30 fps；ulaw 音频和 PCM 立体声音频，文件格式为 .avi</td></tr>\r\n                                                    <tr><th class=\"tdTitle\" colspan=\"2\">传输功能</th></tr><tr>\r\n                              </tr><tr><td class=\"tdTitle\">Wi-Fi</td><td>支持</td></tr>\r\n                                        <tr><td class=\"tdTitle\">蓝牙</td><td>支持</td></tr>\r\n                                        <tr><td class=\"tdTitle\">NFC(近场通讯)</td><td>支持</td></tr>\r\n                                        <tr><td class=\"tdTitle\">WIFI热点</td><td>支持</td></tr>\r\n                                                    <tr><th class=\"tdTitle\" colspan=\"2\">其他</th></tr><tr>\r\n                              </tr><tr><td class=\"tdTitle\">SIM卡尺寸</td><td>Nano SIM卡</td></tr>\r\n                                        <tr><td class=\"tdTitle\">电池类型</td><td>锂电池</td></tr>\r\n                                        <tr><td class=\"tdTitle\">电池容量（mAh）</td><td>理论待机时间长达10天</td></tr>\r\n                                        <tr><td class=\"tdTitle\">电池更换</td><td>不支持</td></tr>\r\n                                        <tr><td class=\"tdTitle\">理论通话时间（小时）</td><td>3G 网络时长达 14 小时</td></tr>\r\n                                        <tr><td class=\"tdTitle\">理论待机时间（小时）</td><td>长达 10 天 (250 小时)</td></tr>\r\n                                        <tr><td class=\"tdTitle\">数据线</td><td>Lightning</td></tr>\r\n                                        <tr><td class=\"tdTitle\">耳机接口</td><td>3.5mm</td></tr>\r\n                                        <tr><td class=\"tdTitle\">机身尺寸（mm）</td><td>138.3*67.1*7.1</td></tr>\r\n                                        <tr><td class=\"tdTitle\">机身重量（g）</td><td>143</td></tr>\r\n                                        <tr><td class=\"tdTitle\">其他</td><td>* 要识别你的 iPhone 的型号，请参阅 http：//support.apple.com/kb/HT3939。4G LTE Advanced 和 4G LTE 功能适用于特定国家或地区的特定运营商。有关 4G LTE 支持的详情，请联系你的运营商并查看 www.apple.com/iphone/LTE/。<br>1. 1GB = 10 亿字节； 内置主内存容量 16GB / 64GB/ 128GB (依所购机型而定)；格式化之后的实际容量可能较小。<br>2. 实际尺寸和重量依配置和制造工艺的不同可能有所差异。<br>3. FaceTime 视频通话要求通话双方使用支持 FaceTime 的设备和无线网络连接。能否通过蜂窝网络使用此功能，取决于运营商政策；可能需要支付数据费用。<br>4. Siri 可能仅支持部分语言或地区，并且功能可能因地区而异。需使用互联网接入。可能需要支付蜂窝网络数据费用。<br>5. 所有电池性能信息取决于网络设置和许多其他因素，实际结果可能有所不同。电池充电周期次数有限，最终可能需由 Apple 服务提供商更换。 电池使用时间和充电周期次数依设置和使用情况的不同而可能有所差异。详情请参阅 http：//www.apple.com/cn/batteries/ 和 http：//www.apple.com/cn/iphone/battery.html。<br>6. 2013 年 9 月 1 日或之后初次激活且符合条件，并兼容 iOS 9 的设备，可从 App Store 免费下载 iMovie、Pages、Numbers 和 Keynote。2014 年 9 月 1 日或之后初次激活且符合条件，并兼容 iOS 9 的设备，可从 App Store 免费下载 GarageBand。请参阅 www.apple.com/cn/ios/whats-new/ 了解兼容 iOS 9 的设备。下载 app 需要使用 Apple ID。<br>7. 推荐使用无线宽带网络；可能需要付费。<br>8. 基于接收方和 app 的自定义建议功能不适用于中文 (简体、繁体) 和日语。</td></tr>\r\n                                       </tbody></table>', '是', '2015-01-01 22:25:22', '2017-12-29 22:24:49', 'http://2b.zol-img.com.cn/product/165_800x600/739/ceVppl3AvIQbk.jpg', '2130', '688', '1000', '1.0');
INSERT INTO `product` VALUES ('6', 'iMac', '2', '7688.00', '8766.00', 'B445423', '<table class=\"Ptable\" border=\"0\" cellpadding=\"0\" cellspacing=\"1\" width=\"100%\">\r\n                        <tbody><tr><th class=\"tdTitle\" colspan=\"2\">主体</th></tr><tr>\r\n                              </tr><tr><td class=\"tdTitle\">型号</td><td>MF883CH/A</td></tr>\r\n                                        <tr><td class=\"tdTitle\">平台</td><td>Intel平台</td></tr>\r\n                                        <tr><td class=\"tdTitle\">操作系统</td><td>OS X Yosemite</td></tr>\r\n                                                    <tr><th class=\"tdTitle\" colspan=\"2\">主板</th></tr><tr>\r\n                              </tr><tr><td class=\"tdTitle\">网卡</td><td>10/100/1000BASE-T 千兆以太网卡 (使用 RJ-45 接头)</td></tr>\r\n                                                    <tr><th class=\"tdTitle\" colspan=\"2\">CPU</th></tr><tr>\r\n                              </tr><tr><td class=\"tdTitle\">类型</td><td>Intel Core i5</td></tr>\r\n                                        <tr><td class=\"tdTitle\">速度</td><td>1.4GHz</td></tr>\r\n                                        <tr><td class=\"tdTitle\">核心数</td><td>双核</td></tr>\r\n                                        <tr><td class=\"tdTitle\">三级缓存</td><td>3MB</td></tr>\r\n                                                    <tr><th class=\"tdTitle\" colspan=\"2\">显卡</th></tr><tr>\r\n                              </tr><tr><td class=\"tdTitle\">显示芯片</td><td>Intel HD Graphics 5000 图形处理器</td></tr>\r\n                                        <tr><td class=\"tdTitle\">显存容量</td><td>共享系统内存</td></tr>\r\n                                                    <tr><th class=\"tdTitle\" colspan=\"2\">内存</th></tr><tr>\r\n                              </tr><tr><td class=\"tdTitle\">容量</td><td>8GB</td></tr>\r\n                                        <tr><td class=\"tdTitle\">速度</td><td>1600MHz DDR3</td></tr>\r\n                                                    <tr><th class=\"tdTitle\" colspan=\"2\">硬盘</th></tr><tr>\r\n                              </tr><tr><td class=\"tdTitle\">容量</td><td>500G</td></tr>\r\n                                        <tr><td class=\"tdTitle\">类型</td><td>SATA 串行</td></tr>\r\n                                        <tr><td class=\"tdTitle\">转速</td><td>5400转/分钟</td></tr>\r\n                                                    <tr><th class=\"tdTitle\" colspan=\"2\">显示器</th></tr><tr>\r\n                              </tr><tr><td class=\"tdTitle\">尺寸</td><td>21.5英寸采用 IPS 技术的LED 背光显示屏</td></tr>\r\n                                        <tr><td class=\"tdTitle\">宽屏</td><td>16：9宽屏</td></tr>\r\n                                        <tr><td class=\"tdTitle\">分辨率</td><td>1920×1080</td></tr>\r\n                                                    <tr><th class=\"tdTitle\" colspan=\"2\">音箱</th></tr><tr>\r\n                              </tr><tr><td class=\"tdTitle\">音箱</td><td>立体声扬声器</td></tr>\r\n                                                    <tr><th class=\"tdTitle\" colspan=\"2\">前(侧)面接口</th></tr><tr>\r\n                              </tr><tr><td class=\"tdTitle\">读卡器</td><td>SDXC 卡插槽</td></tr>\r\n                                                    <tr><th class=\"tdTitle\" colspan=\"2\">后面接口</th></tr><tr>\r\n                              </tr><tr><td class=\"tdTitle\">视频接口</td><td>Mini DisplayPort 输出端口，支持 DVI、VGA和双链接 DVI（转换器须单独购买)</td></tr>\r\n                                        <tr><td class=\"tdTitle\">音频接口</td><td>耳机/光纤数字音频输出 (迷你插孔) 支持带麦克风的 Apple iPhone 耳机</td></tr>\r\n                                        <tr><td class=\"tdTitle\">USB</td><td>USB 3.0x4个</td></tr>\r\n                                                    <tr><th class=\"tdTitle\" colspan=\"2\">特性</th></tr><tr>\r\n                              </tr><tr><td class=\"tdTitle\">特性</td><td>FaceTime HD 高清摄像头；<br>两个Thunderbolt 端口；<br>双麦克风；<br>802.11ac Wi-Fi 无线网络连接；兼容 IEEE 802.11a/b/g/n；<br>蓝牙 4.0无线技术</td></tr>\r\n                                       </tbody></table>', '是', '2015-01-01 22:25:22', '2017-12-29 22:24:49', 'http://2e.zol-img.com.cn/product/120_800x600/222/ceXSZFEyQbAMo.jpg', '4543', '3205', '5500', '1.0');
INSERT INTO `product` VALUES ('7', 'Mac mini', '2', '3588.00', '4788.00', 'B334333', '<table class=\"Ptable\" border=\"0\" cellpadding=\"0\" cellspacing=\"1\" width=\"100%\">\r\n                        <tbody><tr><th class=\"tdTitle\" colspan=\"2\">主体</th></tr><tr>\r\n                              </tr><tr><td class=\"tdTitle\">系列</td><td>Mac mini</td></tr>\r\n                                        <tr><td class=\"tdTitle\">型号</td><td>2.6GHz</td></tr>\r\n                                        <tr><td class=\"tdTitle\">平台</td><td>Intel平台</td></tr>\r\n                                        <tr><td class=\"tdTitle\">操作系统</td><td>OS X Yosemite</td></tr>\r\n                                                    <tr><th class=\"tdTitle\" colspan=\"2\">CPU</th></tr><tr>\r\n                              </tr><tr><td class=\"tdTitle\">类型</td><td>2.6GHz 双核 Intel Core i5 处理器 (Turbo Boost 高达 3.1GHz)，配备 3MB 片上共享三级缓存 </td></tr>\r\n                                        <tr><td class=\"tdTitle\">核心数</td><td>双核</td></tr>\r\n                                        <tr><td class=\"tdTitle\">三级缓存</td><td>配备 3MB 片上共享三级缓存</td></tr>\r\n                                                    <tr><th class=\"tdTitle\" colspan=\"2\">显卡</th></tr><tr>\r\n                              </tr><tr><td class=\"tdTitle\">显示芯片</td><td>Intel Iris Graphics 图形处理器</td></tr>\r\n                                                    <tr><th class=\"tdTitle\" colspan=\"2\">内存</th></tr><tr>\r\n                              </tr><tr><td class=\"tdTitle\">容量</td><td>8GB 1600MHz LPDDR3 内存</td></tr>\r\n                                                    <tr><th class=\"tdTitle\" colspan=\"2\">硬盘</th></tr><tr>\r\n                              </tr><tr><td class=\"tdTitle\">容量</td><td>1TB</td></tr>\r\n                                        <tr><td class=\"tdTitle\">类型</td><td>1TB (5400-rpm) 硬盘 </td></tr>\r\n                                        <tr><td class=\"tdTitle\">转速</td><td>5400转/分钟</td></tr>\r\n                                                    <tr><th class=\"tdTitle\" colspan=\"2\">光驱</th></tr><tr>\r\n                              </tr><tr><td class=\"tdTitle\">类型</td><td>无</td></tr>\r\n                                                    <tr><th class=\"tdTitle\" colspan=\"2\">显示器</th></tr><tr>\r\n                              </tr><tr><td class=\"tdTitle\">尺寸</td><td>无</td></tr>\r\n                                        <tr><td class=\"tdTitle\">分辨率</td><td>无</td></tr>\r\n                                                    <tr><th class=\"tdTitle\" colspan=\"2\">输入设备</th></tr><tr>\r\n                              </tr><tr><td class=\"tdTitle\">鼠标</td><td>无</td></tr>\r\n                                        <tr><td class=\"tdTitle\">键盘</td><td>无</td></tr>\r\n                                                    <tr><th class=\"tdTitle\" colspan=\"2\">规格</th></tr><tr>\r\n                              </tr><tr><td class=\"tdTitle\">尺寸</td><td>3.6*19.7*19.7厘米</td></tr>\r\n                                        <tr><td class=\"tdTitle\">重量</td><td>1.2 kg</td></tr>\r\n                                       </tbody></table>', '是', '2015-01-01 22:25:22', '2017-12-29 22:24:49', 'http://2d.zol-img.com.cn/product/99/307/ce5XnFt88ers.jpg', '3240', '2102', '5600', '1.0');
INSERT INTO `product` VALUES ('8', 'Macbook Air', '2', '6088.00', '8788.00', 'B324343', '<table class=\"Ptable\" border=\"0\" cellpadding=\"0\" cellspacing=\"1\" width=\"100%\">\r\n                        <tbody><tr><th class=\"tdTitle\" colspan=\"2\">主体</th></tr><tr>\r\n                              </tr><tr><td class=\"tdTitle\">颜色</td><td>银色</td></tr>\r\n                                        <tr><td class=\"tdTitle\">平台</td><td>Intel</td></tr>\r\n                                                    <tr><th class=\"tdTitle\" colspan=\"2\">操作系统</th></tr><tr>\r\n                              </tr><tr><td class=\"tdTitle\">操作系统</td><td>OS X Yosemite</td></tr>\r\n                                                    <tr><th class=\"tdTitle\" colspan=\"2\">处理器</th></tr><tr>\r\n                              </tr><tr><td class=\"tdTitle\">CPU类型</td><td>Intel Core i5</td></tr>\r\n                                        <tr><td class=\"tdTitle\">CPU速度</td><td>1.6GHz 双核 Intel Core i5 处理器 (Turbo Boost 高达 2.7GHz)，配备 3MB 共享三级缓存</td></tr>\r\n                                        <tr><td class=\"tdTitle\">三级缓存</td><td>3M</td></tr>\r\n                                                    <tr><th class=\"tdTitle\" colspan=\"2\">内存</th></tr><tr>\r\n                              </tr><tr><td class=\"tdTitle\">内存容量</td><td>4GB</td></tr>\r\n                                        <tr><td class=\"tdTitle\">内存类型</td><td>DDR3 1600</td></tr>\r\n                                        <tr><td class=\"tdTitle\">最大支持容量</td><td>8GB</td></tr>\r\n                                                    <tr><th class=\"tdTitle\" colspan=\"2\">硬盘</th></tr><tr>\r\n                              </tr><tr><td class=\"tdTitle\">硬盘容量</td><td>128G闪存</td></tr>\r\n                                                    <tr><th class=\"tdTitle\" colspan=\"2\">显卡</th></tr><tr>\r\n                              </tr><tr><td class=\"tdTitle\">类型</td><td>英特尔核芯显卡</td></tr>\r\n                                        <tr><td class=\"tdTitle\">显示芯片</td><td>Intel HD Graphics 6000</td></tr>\r\n                                                    <tr><th class=\"tdTitle\" colspan=\"2\">光驱	</th></tr><tr>\r\n                              </tr><tr><td class=\"tdTitle\">光驱类型</td><td>可选购外接 USB MacBook Air SuperDrive 光驱(需单独购买)</td></tr>\r\n                                                    <tr><th class=\"tdTitle\" colspan=\"2\">显示器</th></tr><tr>\r\n                              </tr><tr><td class=\"tdTitle\">屏幕尺寸</td><td>其他</td></tr>\r\n                                        <tr><td class=\"tdTitle\">屏幕规格</td><td>13.3英寸</td></tr>\r\n                                        <tr><td class=\"tdTitle\">显示比例</td><td>宽屏16：10</td></tr>\r\n                                        <tr><td class=\"tdTitle\">物理分辨率</td><td>1440 x 900</td></tr>\r\n                                        <tr><td class=\"tdTitle\">屏幕类型</td><td>LED背光</td></tr>\r\n                                                    <tr><th class=\"tdTitle\" colspan=\"2\">通信</th></tr><tr>\r\n                              </tr><tr><td class=\"tdTitle\">内置蓝牙</td><td>蓝牙4.0</td></tr>\r\n                                        <tr><td class=\"tdTitle\">局域网</td><td>无</td></tr>\r\n                                        <tr><td class=\"tdTitle\">无线局域网</td><td>802.11ac Wi-Fi</td></tr>\r\n                                                    <tr><th class=\"tdTitle\" colspan=\"2\">端口	</th></tr><tr>\r\n                              </tr><tr><td class=\"tdTitle\">USB2.0</td><td>无</td></tr>\r\n                                        <tr><td class=\"tdTitle\">音频端口</td><td>双麦克风、耳机插孔，支持配有线控和麦克风的 Apple iPhone 耳机</td></tr>\r\n                                        <tr><td class=\"tdTitle\">其他端口</td><td>Thunderbolt 端口</td></tr>\r\n                                        <tr><td class=\"tdTitle\">USB3.0</td><td>2个</td></tr>\r\n                                                    <tr><th class=\"tdTitle\" colspan=\"2\">音效系统	</th></tr><tr>\r\n                              </tr><tr><td class=\"tdTitle\">扬声器</td><td>内置扬声器</td></tr>\r\n                                        <tr><td class=\"tdTitle\">内置麦克风</td><td>有</td></tr>\r\n                                                    <tr><th class=\"tdTitle\" colspan=\"2\">输入设备	</th></tr><tr>\r\n                              </tr><tr><td class=\"tdTitle\">键盘</td><td>全尺寸背光键盘</td></tr>\r\n                                        <tr><td class=\"tdTitle\">触摸板</td><td>有</td></tr>\r\n                                                    <tr><th class=\"tdTitle\" colspan=\"2\">其它设备	</th></tr><tr>\r\n                              </tr><tr><td class=\"tdTitle\">网络摄像头</td><td>720p FaceTime HD 高清摄像头</td></tr>\r\n                                        <tr><td class=\"tdTitle\">指纹识别</td><td>无</td></tr>\r\n                                        <tr><td class=\"tdTitle\">读卡器</td><td>SDXC 卡插槽</td></tr>\r\n                                                    <tr><th class=\"tdTitle\" colspan=\"2\">电源	</th></tr><tr>\r\n                              </tr><tr><td class=\"tdTitle\">电池</td><td>内置 54 瓦时锂聚合物电池</td></tr>\r\n                                        <tr><td class=\"tdTitle\">续航时间</td><td>其它</td></tr>\r\n                                        <tr><td class=\"tdTitle\">电源适配器</td><td>45 瓦 MagSafe 2 电源适配器</td></tr>\r\n                                                    <tr><th class=\"tdTitle\" colspan=\"2\">机器规格	</th></tr><tr>\r\n                              </tr><tr><td class=\"tdTitle\">尺寸</td><td>227×325×3-17mm</td></tr>\r\n                                        <tr><td class=\"tdTitle\">净重</td><td>1.35Kg</td></tr>\r\n                                                    <tr><th class=\"tdTitle\" colspan=\"2\">特性	</th></tr><tr>\r\n                              </tr><tr><td class=\"tdTitle\">特性描述</td><td>精密铝合金 Unibody 机身</td></tr>\r\n                                       </tbody></table>', '是', '2015-01-01 22:25:22', '2017-12-29 22:24:49', 'http://2e.zol-img.com.cn/product/90/792/ceKzxHw2yulFU.jpg', '3533', '1454', '4500', '1.0');
INSERT INTO `product` VALUES ('9', 'Macbook Pro', '2', '8888.00', '9999.00', 'B343343', '<table class=\"Ptable\" border=\"0\" cellpadding=\"0\" cellspacing=\"1\" width=\"100%\">\r\n                        <tbody><tr><th class=\"tdTitle\" colspan=\"2\">主体</th></tr><tr>\r\n                              </tr><tr><td class=\"tdTitle\">系列</td><td>MacBook Pro</td></tr>\r\n                                        <tr><td class=\"tdTitle\">颜色</td><td>银色</td></tr>\r\n                                        <tr><td class=\"tdTitle\">平台</td><td>Intel</td></tr>\r\n                                                    <tr><th class=\"tdTitle\" colspan=\"2\">操作系统</th></tr><tr>\r\n                              </tr><tr><td class=\"tdTitle\">操作系统</td><td>OS X Yosemite</td></tr>\r\n                                                    <tr><th class=\"tdTitle\" colspan=\"2\">处理器</th></tr><tr>\r\n                              </tr><tr><td class=\"tdTitle\">CPU类型</td><td>酷睿双核i5处理器</td></tr>\r\n                                        <tr><td class=\"tdTitle\">CPU速度</td><td>2.7GHz</td></tr>\r\n                                        <tr><td class=\"tdTitle\">三级缓存</td><td>3MB 共享</td></tr>\r\n                                                    <tr><th class=\"tdTitle\" colspan=\"2\">内存</th></tr><tr>\r\n                              </tr><tr><td class=\"tdTitle\">内存容量</td><td>8GB</td></tr>\r\n                                        <tr><td class=\"tdTitle\">内存类型</td><td>DDR3</td></tr>\r\n                                        <tr><td class=\"tdTitle\">插槽数量</td><td>2 x SO-DIMM</td></tr>\r\n                                        <tr><td class=\"tdTitle\">最大支持容量</td><td>16G</td></tr>\r\n                                                    <tr><th class=\"tdTitle\" colspan=\"2\">硬盘</th></tr><tr>\r\n                              </tr><tr><td class=\"tdTitle\">硬盘容量</td><td>128GB</td></tr>\r\n                                                    <tr><th class=\"tdTitle\" colspan=\"2\">显卡</th></tr><tr>\r\n                              </tr><tr><td class=\"tdTitle\">类型</td><td>集成显卡</td></tr>\r\n                                        <tr><td class=\"tdTitle\">显示芯片</td><td>Intel Iris Graphics 6100</td></tr>\r\n                                        <tr><td class=\"tdTitle\">显存容量</td><td>与主存共享 384MB DDR3 SDRAM 显存</td></tr>\r\n                                                    <tr><th class=\"tdTitle\" colspan=\"2\">显示器</th></tr><tr>\r\n                              </tr><tr><td class=\"tdTitle\">屏幕尺寸</td><td>13.3英寸</td></tr>\r\n                                        <tr><td class=\"tdTitle\">屏幕规格</td><td>13.3英寸</td></tr>\r\n                                        <tr><td class=\"tdTitle\">显示比例</td><td>宽屏16：10</td></tr>\r\n                                        <tr><td class=\"tdTitle\">物理分辨率</td><td>2560×1600</td></tr>\r\n                                        <tr><td class=\"tdTitle\">类型</td><td>LED 背光光面宽显示屏</td></tr>\r\n                                        <tr><td class=\"tdTitle\">屏幕类型</td><td>LED背光</td></tr>\r\n                                                    <tr><th class=\"tdTitle\" colspan=\"2\">通信</th></tr><tr>\r\n                              </tr><tr><td class=\"tdTitle\">内置蓝牙</td><td>蓝牙 4.0 无线技术</td></tr>\r\n                                        <tr><td class=\"tdTitle\">局域网</td><td>无</td></tr>\r\n                                        <tr><td class=\"tdTitle\">无线局域网</td><td>有</td></tr>\r\n                                        <tr><td class=\"tdTitle\">内置3G</td><td>无</td></tr>\r\n                                                    <tr><th class=\"tdTitle\" colspan=\"2\">端口	</th></tr><tr>\r\n                              </tr><tr><td class=\"tdTitle\">音频端口</td><td>1 x 麦克风接口; 1 x 音频接口</td></tr>\r\n                                        <tr><td class=\"tdTitle\">USB3.0</td><td>2</td></tr>\r\n                                                    <tr><th class=\"tdTitle\" colspan=\"2\">音效系统	</th></tr><tr>\r\n                              </tr><tr><td class=\"tdTitle\">扬声器</td><td>内置扬声器</td></tr>\r\n                                        <tr><td class=\"tdTitle\">内置麦克风</td><td>有</td></tr>\r\n                                                    <tr><th class=\"tdTitle\" colspan=\"2\">输入设备	</th></tr><tr>\r\n                              </tr><tr><td class=\"tdTitle\">键盘</td><td>内置 78 (U.S.) 键或 79 (ISO) 键的标准尺寸背光键盘，包括 12 个功能键和 4 个方向键 (呈倒 T 形排列)，并配有环境光传感器。</td></tr>\r\n                                        <tr><td class=\"tdTitle\">触摸板</td><td>Force Touch 触控板可实现精准光标控制和压力感应功能；支持用力长按、加速控制、压力感应绘图及 Multi-Touch 手势</td></tr>\r\n                                                    <tr><th class=\"tdTitle\" colspan=\"2\">其它设备	</th></tr><tr>\r\n                              </tr><tr><td class=\"tdTitle\">网络摄像头</td><td>720p FaceTime HD 摄像头</td></tr>\r\n                                        <tr><td class=\"tdTitle\">指纹识别</td><td>无</td></tr>\r\n                                        <tr><td class=\"tdTitle\">读卡器</td><td>SDXC 卡槽</td></tr>\r\n                                                    <tr><th class=\"tdTitle\" colspan=\"2\">电源	</th></tr><tr>\r\n                              </tr><tr><td class=\"tdTitle\">电池</td><td>74.9 瓦时内置锂聚合物电池</td></tr>\r\n                                        <tr><td class=\"tdTitle\">续航时间</td><td>长达10小时无线上网</td></tr>\r\n                                        <tr><td class=\"tdTitle\">电源适配器</td><td>60 瓦 MagSafe 2 电源适配器 (带线缆管理系统)；MagSafe 2 电源适配器端口</td></tr>\r\n                                                    <tr><th class=\"tdTitle\" colspan=\"2\">机器规格	</th></tr><tr>\r\n                              </tr><tr><td class=\"tdTitle\">净重</td><td>1.5kg-2kg</td></tr>\r\n                                       </tbody></table>', '是', '2015-01-01 22:25:22', '2017-12-29 22:24:49', 'http://2d.zol-img.com.cn/product/51_800x600/597/cefewhZ5k0g2.jpg', '4661', '2313', '4300', '1.0');
INSERT INTO `product` VALUES ('10', 'iPad mini', '3', '2999.00', '3200.00', 'C334323', '<table class=\"Ptable\" border=\"0\" cellpadding=\"0\" cellspacing=\"1\" width=\"100%\">\r\n                        <tbody><tr><th class=\"tdTitle\" colspan=\"2\">主体</th></tr><tr>\r\n                              </tr><tr><td class=\"tdTitle\">型号</td><td>MD540CH/A</td></tr>\r\n                                        <tr><td class=\"tdTitle\">颜色</td><td>黑色</td></tr>\r\n                                        <tr><td class=\"tdTitle\">材质/工艺</td><td>铝合金</td></tr>\r\n                                        <tr><td class=\"tdTitle\">操作系统</td><td>iOS</td></tr>\r\n                                                    <tr><th class=\"tdTitle\" colspan=\"2\">配置</th></tr><tr>\r\n                              </tr><tr><td class=\"tdTitle\">存储容量</td><td>16GB</td></tr>\r\n                                        <tr><td class=\"tdTitle\">处理器</td><td>双核 A5 芯片</td></tr>\r\n                                        <tr><td class=\"tdTitle\">核心数量</td><td>双核</td></tr>\r\n                                        <tr><td class=\"tdTitle\">处理器速度</td><td>1GHz</td></tr>\r\n                                                    <tr><th class=\"tdTitle\" colspan=\"2\">显示</th></tr><tr>\r\n                              </tr><tr><td class=\"tdTitle\">屏幕尺寸</td><td>7.9英寸</td></tr>\r\n                                        <tr><td class=\"tdTitle\">屏幕分辨率</td><td>1024x768</td></tr>\r\n                                        <tr><td class=\"tdTitle\">屏幕比例</td><td>4:3</td></tr>\r\n                                        <tr><td class=\"tdTitle\">屏幕类型</td><td>IPS</td></tr>\r\n                                        <tr><td class=\"tdTitle\">屏幕描述</td><td>LED 背光 Multi-Touch显示屏，，耐指纹抗油涂层 ,163 ppi 清晰度</td></tr>\r\n                                                    <tr><th class=\"tdTitle\" colspan=\"2\">连接</th></tr><tr>\r\n                              </tr><tr><td class=\"tdTitle\">WiFi功能</td><td>802.11a/b/g/n</td></tr>\r\n                                        <tr><td class=\"tdTitle\">内置3G</td><td>UMTS/HSPA/HSPA+ (850, 900, 1900, 2100 MHz); GSM/EDGE (850, 900, 1800, 1900 MHz)</td></tr>\r\n                                        <tr><td class=\"tdTitle\">蓝牙功能</td><td>Bluetooth 4.0技术</td></tr>\r\n                                                    <tr><th class=\"tdTitle\" colspan=\"2\">端口</th></tr><tr>\r\n                              </tr><tr><td class=\"tdTitle\">音频接口</td><td>3.5 毫米立体声耳机迷你插孔</td></tr>\r\n                                        <tr><td class=\"tdTitle\">其他接口</td><td>Lightning 接口 Nano-SIM 卡插槽</td></tr>\r\n                                                    <tr><th class=\"tdTitle\" colspan=\"2\">音效</th></tr><tr>\r\n                              </tr><tr><td class=\"tdTitle\">扬声器</td><td>有</td></tr>\r\n                                        <tr><td class=\"tdTitle\">麦克风</td><td>有</td></tr>\r\n                                                    <tr><th class=\"tdTitle\" colspan=\"2\">功能</th></tr><tr>\r\n                              </tr><tr><td class=\"tdTitle\">摄像头</td><td>iSight 摄像头：500 万像素自动对焦；<br>摄制 1080p HD 全高清视频FaceTime 摄像头：120 万像素照片；<br>720p HD 高清视频</td></tr>\r\n                                        <tr><td class=\"tdTitle\">重力感应</td><td>支持</td></tr>\r\n                                        <tr><td class=\"tdTitle\">光线感应</td><td>支持</td></tr>\r\n                                                    <tr><th class=\"tdTitle\" colspan=\"2\">电源</th></tr><tr>\r\n                              </tr><tr><td class=\"tdTitle\">电池类型</td><td>内置 16.3Whr  可充电锂聚合物电池</td></tr>\r\n                                        <tr><td class=\"tdTitle\">电池容量</td><td>16.3Whr</td></tr>\r\n                                        <tr><td class=\"tdTitle\">续航时间</td><td>10小时左右，具体时间视使用环境而定</td></tr>\r\n                                                    <tr><th class=\"tdTitle\" colspan=\"2\">规格</th></tr><tr>\r\n                              </tr><tr><td class=\"tdTitle\">尺寸</td><td>200×134.7×7.2mm</td></tr>\r\n                                        <tr><td class=\"tdTitle\">净重</td><td>308g</td></tr>\r\n                                                    <tr><th class=\"tdTitle\" colspan=\"2\">特性</th></tr><tr>\r\n                              </tr><tr><td class=\"tdTitle\">特性</td><td>三轴陀螺仪 <br>加速感应器 <br>环境光传感器 <br>数字指南针辅助全球卫星定位系统 与 GLONASS 定位系统  <br>蜂窝数据</td></tr>\r\n                                       </tbody></table>', '是', '2015-01-01 22:25:22', '2017-12-29 22:24:49', 'http://2c.zol-img.com.cn/product/100_800x600/658/ceOkAbK6qgtsQ.jpg', '5491', '2126', '4500', '1.0');
INSERT INTO `product` VALUES ('11', 'iPad Air', '3', '2699.00', '2980.00', 'Ct56543', '<table class=\"Ptable\" border=\"0\" cellpadding=\"0\" cellspacing=\"1\" width=\"100%\">\r\n                        <tbody><tr><th class=\"tdTitle\" colspan=\"2\">主体</th></tr><tr>\r\n                              </tr><tr><td class=\"tdTitle\">型号</td><td>MD785CH/A</td></tr>\r\n                                        <tr><td class=\"tdTitle\">颜色</td><td>深空灰色</td></tr>\r\n                                        <tr><td class=\"tdTitle\">材质/工艺</td><td>铝合金</td></tr>\r\n                                        <tr><td class=\"tdTitle\">操作系统</td><td>iOS</td></tr>\r\n                                                    <tr><th class=\"tdTitle\" colspan=\"2\">配置</th></tr><tr>\r\n                              </tr><tr><td class=\"tdTitle\">存储容量</td><td>16GB</td></tr>\r\n                                        <tr><td class=\"tdTitle\">处理器</td><td>A7 芯片 拥有 64 位架构和 M7 运动协处理器</td></tr>\r\n                                                    <tr><th class=\"tdTitle\" colspan=\"2\">显示</th></tr><tr>\r\n                              </tr><tr><td class=\"tdTitle\">屏幕尺寸</td><td>9.7英寸</td></tr>\r\n                                        <tr><td class=\"tdTitle\">屏幕分辨率</td><td>2048 x 1536</td></tr>\r\n                                        <tr><td class=\"tdTitle\">屏幕比例</td><td>4:3</td></tr>\r\n                                        <tr><td class=\"tdTitle\">屏幕类型</td><td>IPS</td></tr>\r\n                                        <tr><td class=\"tdTitle\">屏幕描述</td><td>高分辨率 Retina 显示屏，多点触摸，采用防油渍防指纹涂层 ,264 ppi</td></tr>\r\n                                                    <tr><th class=\"tdTitle\" colspan=\"2\">连接</th></tr><tr>\r\n                              </tr><tr><td class=\"tdTitle\">WiFi功能</td><td>802.11a/b/g/n WLAN 网络 (802.11n 时工作在 2.4GHz 和 5GHz)</td></tr>\r\n                                        <tr><td class=\"tdTitle\">内置3G</td><td>不支持</td></tr>\r\n                                        <tr><td class=\"tdTitle\">蓝牙功能</td><td>Bluetooth 4.0技术</td></tr>\r\n                                                    <tr><th class=\"tdTitle\" colspan=\"2\">端口</th></tr><tr>\r\n                              </tr><tr><td class=\"tdTitle\">音频接口</td><td>3.5 毫米立体声耳机迷你插孔</td></tr>\r\n                                        <tr><td class=\"tdTitle\">视频接口</td><td>无</td></tr>\r\n                                        <tr><td class=\"tdTitle\">其他接口</td><td>Lightning 接头</td></tr>\r\n                                                    <tr><th class=\"tdTitle\" colspan=\"2\">音效</th></tr><tr>\r\n                              </tr><tr><td class=\"tdTitle\">扬声器</td><td>有</td></tr>\r\n                                        <tr><td class=\"tdTitle\">麦克风</td><td>有</td></tr>\r\n                                                    <tr><th class=\"tdTitle\" colspan=\"2\">功能</th></tr><tr>\r\n                              </tr><tr><td class=\"tdTitle\">摄像头</td><td>iSight 摄像头：500 万像素自动对焦；<br>FaceTime 摄像头：120 万像素照片；720p HD 高清视频</td></tr>\r\n                                        <tr><td class=\"tdTitle\">多点触控</td><td>支持</td></tr>\r\n                                        <tr><td class=\"tdTitle\">重力感应</td><td>支持</td></tr>\r\n                                        <tr><td class=\"tdTitle\">光线感应</td><td>支持</td></tr>\r\n                                                    <tr><th class=\"tdTitle\" colspan=\"2\">电源</th></tr><tr>\r\n                              </tr><tr><td class=\"tdTitle\">电池类型</td><td>可充电锂聚合物电池</td></tr>\r\n                                        <tr><td class=\"tdTitle\">电池容量</td><td>32.4Whr</td></tr>\r\n                                        <tr><td class=\"tdTitle\">续航时间</td><td>使用无线网络浏览网页，或观看视频，或聆听音乐，使用时间长达 10 小时，具体时间视使用环境而定</td></tr>\r\n                                                    <tr><th class=\"tdTitle\" colspan=\"2\">规格</th></tr><tr>\r\n                              </tr><tr><td class=\"tdTitle\">尺寸</td><td>240×169.5×7.5mm</td></tr>\r\n                                        <tr><td class=\"tdTitle\">净重</td><td>469g</td></tr>\r\n                                                    <tr><th class=\"tdTitle\" colspan=\"2\">特性</th></tr><tr>\r\n                              </tr><tr><td class=\"tdTitle\">特性</td><td>三轴陀螺仪 加速感应器 环境光传感器</td></tr>\r\n                                       </tbody></table>', '是', '2015-01-01 22:25:22', '2017-12-29 22:24:49', 'http://2e.zol-img.com.cn/product/131_800x600/58/cerrKkSTbl0F2.jpg', '7664', '1233', '3500', '1.0');
INSERT INTO `product` VALUES ('12', ' iPad mini 2', '3', '1938.00', '2422.00', 'C45465', '<table class=\"Ptable\" border=\"0\" cellpadding=\"0\" cellspacing=\"1\" width=\"100%\">\r\n                        <tbody><tr><th class=\"tdTitle\" colspan=\"2\">主体</th></tr><tr>\r\n                              </tr><tr><td class=\"tdTitle\">颜色</td><td>银色</td></tr>\r\n                                        <tr><td class=\"tdTitle\">材质/工艺</td><td>铝合金</td></tr>\r\n                                        <tr><td class=\"tdTitle\">操作系统</td><td>iOS</td></tr>\r\n                                                    <tr><th class=\"tdTitle\" colspan=\"2\">配置</th></tr><tr>\r\n                              </tr><tr><td class=\"tdTitle\">存储容量</td><td>32GB</td></tr>\r\n                                        <tr><td class=\"tdTitle\">处理器</td><td>A7 芯片 拥有 64 位架构和 M7 运动协处理器</td></tr>\r\n                                                    <tr><th class=\"tdTitle\" colspan=\"2\">显示</th></tr><tr>\r\n                              </tr><tr><td class=\"tdTitle\">屏幕尺寸</td><td>7.9英寸</td></tr>\r\n                                        <tr><td class=\"tdTitle\">屏幕分辨率</td><td>2048 x 1536</td></tr>\r\n                                        <tr><td class=\"tdTitle\">屏幕类型</td><td>IPS</td></tr>\r\n                                        <tr><td class=\"tdTitle\">屏幕描述</td><td>LED 背光 Multi-Touch显示屏，，采用防油渍防指纹涂层 ,326 ppi</td></tr>\r\n                                                    <tr><th class=\"tdTitle\" colspan=\"2\">连接</th></tr><tr>\r\n                              </tr><tr><td class=\"tdTitle\">WiFi功能</td><td>802.11a/b/g/n</td></tr>\r\n                                        <tr><td class=\"tdTitle\">内置3G</td><td>不支持</td></tr>\r\n                                        <tr><td class=\"tdTitle\">蓝牙功能</td><td>Bluetooth 4.0技术</td></tr>\r\n                                                    <tr><th class=\"tdTitle\" colspan=\"2\">端口</th></tr><tr>\r\n                              </tr><tr><td class=\"tdTitle\">音频接口</td><td>3.5 毫米立体声耳机迷你插孔</td></tr>\r\n                                        <tr><td class=\"tdTitle\">视频接口</td><td>Lightning 接口</td></tr>\r\n                                                    <tr><th class=\"tdTitle\" colspan=\"2\">音效</th></tr><tr>\r\n                              </tr><tr><td class=\"tdTitle\">扬声器</td><td>有</td></tr>\r\n                                        <tr><td class=\"tdTitle\">麦克风</td><td>有</td></tr>\r\n                                                    <tr><th class=\"tdTitle\" colspan=\"2\">功能</th></tr><tr>\r\n                              </tr><tr><td class=\"tdTitle\">摄像头</td><td>iSight 摄像头：500 万像素自动对焦；<br>FaceTime 摄像头：120 万像素照片；720p HD 高清视频</td></tr>\r\n                                        <tr><td class=\"tdTitle\">重力感应</td><td>支持</td></tr>\r\n                                        <tr><td class=\"tdTitle\">光线感应</td><td>支持</td></tr>\r\n                                                    <tr><th class=\"tdTitle\" colspan=\"2\">电源</th></tr><tr>\r\n                              </tr><tr><td class=\"tdTitle\">电池类型</td><td>内置 23.8Whr  可充电锂聚合物电池</td></tr>\r\n                                        <tr><td class=\"tdTitle\">电池容量</td><td>23.8Whr</td></tr>\r\n                                        <tr><td class=\"tdTitle\">续航时间</td><td>使用无线网络浏览网页，或观看视频，或聆听音乐，使用时间长达 10 小时，具体时间视使用环境而定</td></tr>\r\n                                                    <tr><th class=\"tdTitle\" colspan=\"2\">规格</th></tr><tr>\r\n                              </tr><tr><td class=\"tdTitle\">尺寸</td><td>200×134.7×7.5mm</td></tr>\r\n                                        <tr><td class=\"tdTitle\">净重</td><td>331g</td></tr>\r\n                                                    <tr><th class=\"tdTitle\" colspan=\"2\">特性</th></tr><tr>\r\n                              </tr><tr><td class=\"tdTitle\">特性</td><td>三轴陀螺仪<br>加速感应器 <br>环境光传感器</td></tr>\r\n                                       </tbody></table>', '是', '2015-01-01 22:25:22', '2017-12-29 22:24:49', 'http://2e.zol-img.com.cn/product/136_800x600/762/ceZTaAjiFdQ9.jpg', '4336', '1122', '3500', '1.0');
INSERT INTO `product` VALUES ('13', ' iPad Air 2', '3', '3388.00', '3589.00', 'C34343', '<table class=\"Ptable\" border=\"0\" cellpadding=\"0\" cellspacing=\"1\" width=\"100%\">\r\n                        <tbody><tr><th class=\"tdTitle\" colspan=\"2\">主体</th></tr><tr>\r\n                              </tr><tr><td class=\"tdTitle\">型号</td><td>iPad Air 2</td></tr>\r\n                                        <tr><td class=\"tdTitle\">颜色</td><td>金色</td></tr>\r\n                                        <tr><td class=\"tdTitle\">材质/工艺</td><td>铝合金</td></tr>\r\n                                        <tr><td class=\"tdTitle\">操作系统</td><td>iOS</td></tr>\r\n                                                    <tr><th class=\"tdTitle\" colspan=\"2\">配置</th></tr><tr>\r\n                              </tr><tr><td class=\"tdTitle\">存储容量</td><td>16GB</td></tr>\r\n                                        <tr><td class=\"tdTitle\">处理器</td><td>A8X 芯片 拥有 64 位架构和 M8 运动协处理器</td></tr>\r\n                                        <tr><td class=\"tdTitle\">系统内存</td><td>2G</td></tr>\r\n                                                    <tr><th class=\"tdTitle\" colspan=\"2\">显示</th></tr><tr>\r\n                              </tr><tr><td class=\"tdTitle\">屏幕尺寸</td><td>9.7英寸</td></tr>\r\n                                        <tr><td class=\"tdTitle\">屏幕分辨率</td><td>2048 x 1536</td></tr>\r\n                                        <tr><td class=\"tdTitle\">屏幕比例</td><td>4:3</td></tr>\r\n                                        <tr><td class=\"tdTitle\">屏幕类型</td><td>IPS</td></tr>\r\n                                        <tr><td class=\"tdTitle\">屏幕描述</td><td>高分辨率 Retina 显示屏，多点触摸，采用防油渍防指纹涂层 全层压显示屏 抗反射涂层,264 ppi</td></tr>\r\n                                        <tr><td class=\"tdTitle\">指取设备</td><td>触摸</td></tr>\r\n                                                    <tr><th class=\"tdTitle\" colspan=\"2\">连接</th></tr><tr>\r\n                              </tr><tr><td class=\"tdTitle\">WiFi功能</td><td>802.11a/b/g/n/ac WLAN 网络 (802.11n 时工作在 2.4GHz 和 5GHz)</td></tr>\r\n                                        <tr><td class=\"tdTitle\">内置3G</td><td>不支持</td></tr>\r\n                                        <tr><td class=\"tdTitle\">蓝牙功能</td><td>Bluetooth 4.0技术</td></tr>\r\n                                                    <tr><th class=\"tdTitle\" colspan=\"2\">端口</th></tr><tr>\r\n                              </tr><tr><td class=\"tdTitle\">音频接口</td><td>3.5 毫米立体声耳机迷你插孔</td></tr>\r\n                                        <tr><td class=\"tdTitle\">视频接口</td><td>无</td></tr>\r\n                                        <tr><td class=\"tdTitle\">其他接口</td><td>Lightning 接头</td></tr>\r\n                                                    <tr><th class=\"tdTitle\" colspan=\"2\">音效</th></tr><tr>\r\n                              </tr><tr><td class=\"tdTitle\">扬声器</td><td>有</td></tr>\r\n                                        <tr><td class=\"tdTitle\">麦克风</td><td>有</td></tr>\r\n                                                    <tr><th class=\"tdTitle\" colspan=\"2\">功能</th></tr><tr>\r\n                              </tr><tr><td class=\"tdTitle\">摄像头</td><td>iSight 摄像头：800 万像素自动对焦；<br>FaceTime 摄像头：120 万像素照片；720p HD 高清视频</td></tr>\r\n                                        <tr><td class=\"tdTitle\">摄像头像素</td><td>800W</td></tr>\r\n                                        <tr><td class=\"tdTitle\">前置摄像头</td><td>有</td></tr>\r\n                                        <tr><td class=\"tdTitle\">后置摄像头</td><td>有</td></tr>\r\n                                        <tr><td class=\"tdTitle\">多点触控</td><td>支持</td></tr>\r\n                                        <tr><td class=\"tdTitle\">电影播放</td><td>1080P</td></tr>\r\n                                        <tr><td class=\"tdTitle\">Flash播放</td><td>支持</td></tr>\r\n                                        <tr><td class=\"tdTitle\">重力感应</td><td>支持</td></tr>\r\n                                        <tr><td class=\"tdTitle\">光线感应</td><td>支持</td></tr>\r\n                                                    <tr><th class=\"tdTitle\" colspan=\"2\">电源</th></tr><tr>\r\n                              </tr><tr><td class=\"tdTitle\">电池类型</td><td>可充电锂聚合物电池</td></tr>\r\n                                        <tr><td class=\"tdTitle\">电池容量</td><td>27.3Whr</td></tr>\r\n                                        <tr><td class=\"tdTitle\">续航时间</td><td>使用无线网络浏览网页，或观看视频，或聆听音乐，使用时间长达 10 小时，具体时间视使用环境而定</td></tr>\r\n                                                    <tr><th class=\"tdTitle\" colspan=\"2\">规格</th></tr><tr>\r\n                              </tr><tr><td class=\"tdTitle\">尺寸</td><td>240×169.5×6.1mm</td></tr>\r\n                                        <tr><td class=\"tdTitle\">净重</td><td>437g</td></tr>\r\n                                                    <tr><th class=\"tdTitle\" colspan=\"2\">特性</th></tr><tr>\r\n                              </tr><tr><td class=\"tdTitle\">特性</td><td>三轴陀螺仪 加速感应器 环境光传感器</td></tr>\r\n                                       </tbody></table>', '是', '2015-01-01 22:25:22', '2017-12-29 22:24:49', 'http://2e.zol-img.com.cn/product/143_800x600/48/ceNlfFdN1yJdM.jpg', '6345', '3245', '5000', '1.0');
INSERT INTO `product` VALUES ('14', 'iPad mini 4', '3', '3050.00', '3856.00', 'C34336', '<table class=\"Ptable\" border=\"0\" cellpadding=\"0\" cellspacing=\"1\" width=\"100%\">\r\n                        <tbody><tr><th class=\"tdTitle\" colspan=\"2\">主体</th></tr><tr>\r\n                              </tr><tr><td class=\"tdTitle\">型号</td><td>iPad mini 4</td></tr>\r\n                                       </tbody></table>', '是', '2015-01-01 22:25:22', '2017-12-29 22:24:49', 'http://2d.zol-img.com.cn/product/165_800x600/811/ceTdJikObjB8Y.jpg', '5562', '2232', '5000', '1.0');
INSERT INTO `product` VALUES ('15', 'Apple Watch Sport', '4', '2488.00', '2850.00', 'D33543', '<table class=\"Ptable\" border=\"0\" cellpadding=\"0\" cellspacing=\"1\" width=\"100%\">\r\n                        <tbody><tr><th class=\"tdTitle\" colspan=\"2\">显示屏</th></tr><tr>\r\n                              </tr><tr><td class=\"tdTitle\">触摸屏</td><td>  具备 Force Touch 功能的 Retina 显示屏</td></tr>\r\n                                                    <tr><th class=\"tdTitle\" colspan=\"2\">连接方式</th></tr><tr>\r\n                              </tr><tr><td class=\"tdTitle\">蓝牙</td><td>  蓝牙 4.0</td></tr>\r\n                                        <tr><td class=\"tdTitle\">WiFi</td><td>无线网络 (802.11b/g/n 2.4GHz)</td></tr>\r\n                                                    <tr><th class=\"tdTitle\" colspan=\"2\">其他参数</th></tr><tr>\r\n                              </tr><tr><td class=\"tdTitle\">产品重量</td><td>1</td></tr>\r\n                                       </tbody></table>', '是', '2015-01-01 22:25:22', '2017-12-29 22:24:49', 'http://2d.zol-img.com.cn/product/140/889/ce1pXarQIhDtw.jpg', '3244', '1211', '3200', '1.0');
INSERT INTO `product` VALUES ('16', 'Apple Watch', '4', '4188.00', '4500.00', 'D56565', '<table class=\"Ptable\" border=\"0\" cellpadding=\"0\" cellspacing=\"1\" width=\"100%\">\r\n                        <tbody><tr><th class=\"tdTitle\" colspan=\"2\">主体</th></tr><tr>\r\n                              </tr><tr><td class=\"tdTitle\">品牌</td><td>Apple</td></tr>\r\n                                                    <tr><th class=\"tdTitle\" colspan=\"2\">显示屏</th></tr><tr>\r\n                              </tr><tr><td class=\"tdTitle\">触摸屏</td><td>具备 Force Touch 功能的 Retina 显示屏</td></tr>\r\n                                                    <tr><th class=\"tdTitle\" colspan=\"2\">连接方式</th></tr><tr>\r\n                              </tr><tr><td class=\"tdTitle\">蓝牙</td><td>蓝牙 4.0</td></tr>\r\n                                        <tr><td class=\"tdTitle\">WiFi</td><td> 无线网络 (802.11b/g/n 2.4GHz)</td></tr>\r\n                                       </tbody></table>', '是', '2015-01-01 22:25:22', '2017-12-29 22:24:49', 'http://2b.zol-img.com.cn/product/152_800x600/613/celWNhKeVzKa.jpg', '2543', '1023', '2400', '1.0');
INSERT INTO `product` VALUES ('17', '苹果（Apple）USB 充电器/电源适配器', '5', '149.00', '180.00', 'E33433', '<table class=\"Ptable\" border=\"0\" cellpadding=\"0\" cellspacing=\"1\" width=\"100%\">\r\n                        <tbody><tr><th class=\"tdTitle\" colspan=\"2\">主体</th></tr><tr>\r\n                              </tr><tr><td class=\"tdTitle\">品牌</td><td>苹果</td></tr>\r\n                                        <tr><td class=\"tdTitle\">类型</td><td>充电器</td></tr>\r\n                                        <tr><td class=\"tdTitle\">型号</td><td>MD836/CH/A</td></tr>\r\n                                        <tr><td class=\"tdTitle\">颜色</td><td>白色</td></tr>\r\n                                                    <tr><th class=\"tdTitle\" colspan=\"2\">规格</th></tr><tr>\r\n                              </tr><tr><td class=\"tdTitle\">尺寸</td><td>150*150*45</td></tr>\r\n                                        <tr><td class=\"tdTitle\">重量</td><td>0.12</td></tr>\r\n                                                    <tr><th class=\"tdTitle\" colspan=\"2\">特点</th></tr><tr>\r\n                              </tr><tr><td class=\"tdTitle\">特点</td><td>在家中、在旅途中，或者在 iPad 未与电脑相连时，都可以使用这款小巧方便的 USB 电源适配器给配备 Retina 显示屏的 iPad 或 iPad mini 充电。可通过 Lightning 接口直接将适配器连接至你的 iPad。</td></tr>\r\n                                        <tr><td class=\"tdTitle\">特性</td><td>这款电源适配器设计小巧，可快速高效地完成充电。还可为所有配备 Lightning 接口的 iPhone 和 iPod 机型充电。</td></tr>\r\n                                       </tbody></table>', '是', '2015-01-01 22:25:22', '2017-12-29 22:24:49', 'http://2c.zol-img.com.cn/product/10/618/cenHfMQZtulk.jpg', '12133', '8785', '21222', '1.0');
INSERT INTO `product` VALUES ('3', 'iphone5s', '1', '3250.00', '3550.00', 'A654433', '<table class=\"Ptable\" border=\"0\" cellpadding=\"0\" cellspacing=\"1\" width=\"100%\">\r\n                        <tbody><tr><th class=\"tdTitle\" colspan=\"2\">主体</th></tr><tr>\r\n                              </tr><tr><td class=\"tdTitle\">品牌</td><td>苹果（Apple）</td></tr>\r\n                                        <tr><td class=\"tdTitle\">型号</td><td>iPhone 5s</td></tr>\r\n                                        <tr><td class=\"tdTitle\">颜色</td><td>金色</td></tr>\r\n                                        <tr><td class=\"tdTitle\">上市年份</td><td>2014年</td></tr>\r\n                                        <tr><td class=\"tdTitle\">输入方式</td><td>触控</td></tr>\r\n                                        <tr><td class=\"tdTitle\">智能机</td><td>是</td></tr>\r\n                                        <tr><td class=\"tdTitle\">操作系统</td><td>苹果（IOS）</td></tr>\r\n                                        <tr><td class=\"tdTitle\">操作系统版本</td><td>IOS</td></tr>\r\n                                        <tr><td class=\"tdTitle\">CPU品牌</td><td>苹果</td></tr>\r\n                                        <tr><td class=\"tdTitle\">CPU型号</td><td>A7芯片 M7运动协处理器</td></tr>\r\n                                        <tr><td class=\"tdTitle\">CPU频率</td><td>1.3GHz</td></tr>\r\n                                        <tr><td class=\"tdTitle\">CPU核数</td><td>双核</td></tr>\r\n                                        <tr><td class=\"tdTitle\">运营商标志或内容</td><td>无</td></tr>\r\n                                                    <tr><th class=\"tdTitle\" colspan=\"2\">网络</th></tr><tr>\r\n                              </tr><tr><td class=\"tdTitle\">4G网络制式</td><td>移动4G（TD-LTE）/联通4G（FDD-LTE）/ 联通4G（TD-LTE）</td></tr>\r\n                                        <tr><td class=\"tdTitle\">3G网络制式</td><td>移动3G(TD-SCDMA)/联通3G(WCDMA)</td></tr>\r\n                                        <tr><td class=\"tdTitle\">2G网络制式</td><td>移动2G/联通2G(GSM)</td></tr>\r\n                                        <tr><td class=\"tdTitle\">网络频率</td><td>UMTS (WCDMA)/HSPA+/DC-HSDPA (850、900、1900、2100 MHz) <br>GSM/EDGE (850、900、1800、1900 MHz) <br>TD-SCDMA 1900 (F)、2000 (A) <br>TD-LTE (频段 38、39、40)</td></tr>\r\n                                        <tr><td class=\"tdTitle\">数据业务</td><td>802.11a/b/g/n 无线网络 (802.11n 时工作在 2.4GHz 和 5GHz)</td></tr>\r\n                                                    <tr><th class=\"tdTitle\" colspan=\"2\">存储</th></tr><tr>\r\n                              </tr><tr><td class=\"tdTitle\">机身内存</td><td>16GB ROM</td></tr>\r\n                                        <tr><td class=\"tdTitle\">运行内存</td><td>1GB RAM</td></tr>\r\n                                        <tr><td class=\"tdTitle\">储存卡类型</td><td>不支持</td></tr>\r\n                                                    <tr><th class=\"tdTitle\" colspan=\"2\">显示</th></tr><tr>\r\n                              </tr><tr><td class=\"tdTitle\">屏幕尺寸</td><td>4.0英寸</td></tr>\r\n                                        <tr><td class=\"tdTitle\">触摸屏</td><td>电容屏，多点触控</td></tr>\r\n                                        <tr><td class=\"tdTitle\">分辨率</td><td>1136×640</td></tr>\r\n                                        <tr><td class=\"tdTitle\">屏幕材质</td><td>IPS</td></tr>\r\n                                        <tr><td class=\"tdTitle\">超大字体</td><td>不支持</td></tr>\r\n                                        <tr><td class=\"tdTitle\">屏幕色彩</td><td>Retina 显示屏</td></tr>\r\n                                                    <tr><th class=\"tdTitle\" colspan=\"2\">感应器</th></tr><tr>\r\n                              </tr><tr><td class=\"tdTitle\">GPS模块</td><td>支持</td></tr>\r\n                                        <tr><td class=\"tdTitle\">重力感应</td><td>支持</td></tr>\r\n                                        <tr><td class=\"tdTitle\">光线感应</td><td>支持</td></tr>\r\n                                        <tr><td class=\"tdTitle\">距离感应</td><td>支持</td></tr>\r\n                                                    <tr><th class=\"tdTitle\" colspan=\"2\">摄像功能</th></tr><tr>\r\n                              </tr><tr><td class=\"tdTitle\">后置摄像头</td><td>800万像素</td></tr>\r\n                                        <tr><td class=\"tdTitle\">前置摄像头</td><td>120万像素</td></tr>\r\n                                        <tr><td class=\"tdTitle\">闪光灯</td><td>LED补光灯</td></tr>\r\n                                        <tr><td class=\"tdTitle\">自动对焦</td><td>支持</td></tr>\r\n                                                    <tr><th class=\"tdTitle\" colspan=\"2\">娱乐功能</th></tr><tr>\r\n                              </tr><tr><td class=\"tdTitle\">收音机</td><td>需使用第三方软件</td></tr>\r\n                                        <tr><td class=\"tdTitle\">音乐播放</td><td>支持</td></tr>\r\n                                        <tr><td class=\"tdTitle\">视频播放</td><td>支持</td></tr>\r\n                                        <tr><td class=\"tdTitle\">电视播放</td><td>需使用第三方软件</td></tr>\r\n                                                    <tr><th class=\"tdTitle\" colspan=\"2\">传输功能</th></tr><tr>\r\n                              </tr><tr><td class=\"tdTitle\">Wi-Fi</td><td>支持</td></tr>\r\n                                        <tr><td class=\"tdTitle\">蓝牙</td><td>支持</td></tr>\r\n                                        <tr><td class=\"tdTitle\">WIFI热点</td><td>支持</td></tr>\r\n                                                    <tr><th class=\"tdTitle\" colspan=\"2\">其他</th></tr><tr>\r\n                              </tr><tr><td class=\"tdTitle\">SIM卡尺寸</td><td>Nano SIM卡</td></tr>\r\n                                        <tr><td class=\"tdTitle\">电池型号</td><td>内置充电式锂离子电池</td></tr>\r\n                                        <tr><td class=\"tdTitle\">电池类型</td><td>锂电池</td></tr>\r\n                                        <tr><td class=\"tdTitle\">电池容量（mAh）</td><td>1560mAh</td></tr>\r\n                                        <tr><td class=\"tdTitle\">电池更换</td><td>不支持</td></tr>\r\n                                        <tr><td class=\"tdTitle\">理论通话时间（小时）</td><td>3G网络长达10h</td></tr>\r\n                                        <tr><td class=\"tdTitle\">理论待机时间（小时）</td><td>250h</td></tr>\r\n                                        <tr><td class=\"tdTitle\">数据线</td><td>苹果8pin</td></tr>\r\n                                        <tr><td class=\"tdTitle\">耳机接口</td><td>3.5mm</td></tr>\r\n                                        <tr><td class=\"tdTitle\">机身尺寸（mm）</td><td>高度：123.8 毫米 (4.87 英寸) 宽度：58.6 毫米 (2.31 英寸) 厚度：7.6 毫米 (0.30 英寸)</td></tr>\r\n                                        <tr><td class=\"tdTitle\">机身重量（g）</td><td>重量：112 克 (3.95 盎司)</td></tr>\r\n                                       </tbody></table>', '是', '2015-01-01 10:25:22', '2017-12-29 10:24:49', 'http://2f.zol-img.com.cn/product/121_800x600/769/ce6ak9yGLOI.jpg', '3259', '2303', '5000', '1.0');
INSERT INTO `product` VALUES ('18', '苹果（Apple） 耳机', '5', '198.00', '245.00', 'E11232', '<table class=\"Ptable\" border=\"0\" cellpadding=\"0\" cellspacing=\"1\" width=\"100%\">\r\n                        <tbody><tr><th class=\"tdTitle\" colspan=\"2\">主体</th></tr><tr>\r\n                              </tr><tr><td class=\"tdTitle\">类型</td><td>苹果音箱/耳机</td></tr>\r\n                                                    <tr><th class=\"tdTitle\" colspan=\"2\">规格</th></tr><tr>\r\n                              </tr><tr><td class=\"tdTitle\">尺寸</td><td>其它</td></tr>\r\n                                        <tr><td class=\"tdTitle\">重量</td><td>其它</td></tr>\r\n                                                    <tr><th class=\"tdTitle\" colspan=\"2\">特点</th></tr><tr>\r\n                              </tr><tr><td class=\"tdTitle\">特点</td><td>时尚流行</td></tr>\r\n                                       </tbody></table>', '是', '2015-01-01 22:25:22', '2017-12-29 22:24:49', 'http://2f.zol-img.com.cn/product/104_800x600/875/cemImwYL8C9Y.jpg', '21222', '6576', '12222', '1.0');
INSERT INTO `product` VALUES ('19', '苹果（Apple）新款无线蓝牙鼠标', '5', '499.00', '699.00', 'E23223', '<table class=\"Ptable\" border=\"0\" cellpadding=\"0\" cellspacing=\"1\" width=\"100%\">\r\n                        <tbody><tr><th class=\"tdTitle\" colspan=\"2\">主体</th></tr><tr>\r\n                              </tr><tr><td class=\"tdTitle\">类型</td><td>苹果饰品</td></tr>\r\n                                        <tr><td class=\"tdTitle\">型号</td><td>其它</td></tr>\r\n                                        <tr><td class=\"tdTitle\">翻新类型</td><td>全新</td></tr>\r\n                                                    <tr><th class=\"tdTitle\" colspan=\"2\">规格</th></tr><tr>\r\n                              </tr><tr><td class=\"tdTitle\">尺寸</td><td>其它</td></tr>\r\n                                        <tr><td class=\"tdTitle\">重量</td><td>其它</td></tr>\r\n                                                    <tr><th class=\"tdTitle\" colspan=\"2\">特点</th></tr><tr>\r\n                              </tr><tr><td class=\"tdTitle\">特点</td><td>时尚流行</td></tr>\r\n                                       </tbody></table>', '是', '2015-01-01 22:25:22', '2017-12-29 22:24:49', 'http://2c.zol-img.com.cn/product/38_800x600/412/cee4NEY4KPQVE.jpg', '16543', '7656', '12111', '1.0');
INSERT INTO `product` VALUES ('20', '苹果（Apple）连接线/数据线', '5', '149.00', '180.00', 'E45444', '<table class=\"Ptable\" border=\"0\" cellpadding=\"0\" cellspacing=\"1\" width=\"100%\">\r\n                        <tbody><tr><th class=\"tdTitle\" colspan=\"2\">主体</th></tr><tr>\r\n                              </tr><tr><td class=\"tdTitle\">品牌</td><td>苹果</td></tr>\r\n                                        <tr><td class=\"tdTitle\">类型</td><td>原装配件</td></tr>\r\n                                        <tr><td class=\"tdTitle\">型号</td><td>MD818FE/A Lightning to USB 连接线</td></tr>\r\n                                        <tr><td class=\"tdTitle\">颜色</td><td>白色</td></tr>\r\n                                                    <tr><th class=\"tdTitle\" colspan=\"2\">规格</th></tr><tr>\r\n                              </tr><tr><td class=\"tdTitle\">尺寸</td><td>100 x 1.5 x 0.5 cm</td></tr>\r\n                                        <tr><td class=\"tdTitle\">重量</td><td>0.05KG</td></tr>\r\n                                        <tr><td class=\"tdTitle\">适用范围</td><td>iPhone、iPad 或 iPod </td></tr>\r\n                                        <tr><td class=\"tdTitle\">接口类型</td><td> Lightning 接口</td></tr>\r\n                                                    <tr><th class=\"tdTitle\" colspan=\"2\">特点</th></tr><tr>\r\n                              </tr><tr><td class=\"tdTitle\">特点</td><td>双面可用式设计</td></tr>\r\n                                        <tr><td class=\"tdTitle\">特性</td><td>此 USB 2.0 连接线可以使用 Lightning 接口将你的 iPhone、iPad 或 iPod 连接至电脑的 USB 端口，从而进行同步和充电；也可以连接到 Apple USB 电源适配器，从而方便地通过墙壁电源插座充电</td></tr>\r\n                                       </tbody></table>', '是', '2015-01-01 22:25:22', '2017-12-29 22:24:49', 'http://2b.zol-img.com.cn/product/108/395/ceDVZ1DM164U.jpg', '22143', '3454', '21111', '1.0');
INSERT INTO `product` VALUES ('2', 'iphone4s', '1', '2566.00', '2780.00', 'A565656', '<table class=\"table3\">\r\n                <tbody><tr><th rowspan=\"3\" name=\"s1\" style=\"border-top:0px;\">基本参数</th><td style=\"border-top:0px;\" class=\"td2\"><a style=\"color:#333333;text-decoration:none;\" rel=\"nofollow\">手机型号</a></td><td style=\"border-top:0px;\" class=\"td3\">苹果4S,爱疯4S,iP4S</td></tr><tr><td class=\"td4\"><a style=\"color:#333333;text-decoration:none;\" rel=\"nofollow\">发布时间</a></td><td class=\"td5\">2012年1月</td></tr><tr><td class=\"td4\"><a style=\"color:#333333;text-decoration:none;\" rel=\"nofollow\">电池类型</a></td><td class=\"td5\">锂电池</td></tr><tr><th rowspan=\"4\" name=\"s2\">网络参数</th><td class=\"td2\"><a style=\"color:#333333;text-decoration:none;\" rel=\"nofollow\">手机版本</a></td><td class=\"td3\">联通裸机版</td></tr><tr><td class=\"td4\"><a style=\"color:#333333;text-decoration:none;\" rel=\"nofollow\">网络类型</a></td><td class=\"td5\">单卡双模(WCDMA/GSM)</td></tr><tr><td class=\"td4\"><a rel=\"nofollow\" href=\"http://product.it168.com/cword/299.shtml\">支持运营商</a></td><td class=\"td5\">联通3G(WCDMA),移动2G/联通2G(GSM)</td></tr><tr><td class=\"td4\"><a rel=\"nofollow\" href=\"http://product.it168.com/cword/307.shtml\">支持频段</a></td><td class=\"td5\">移动/联通2G:GSM 850/900/1800/1900MHz<br>联通3G:WCDMA 2100</td></tr><tr><th rowspan=\"5\" name=\"s3\">屏幕参数</th><td class=\"td2\"><a style=\"color:#333333;text-decoration:none;\" rel=\"nofollow\">触控类型</a></td><td class=\"td3\">电容式触摸屏</td></tr><tr><td class=\"td4\"><a rel=\"nofollow\" href=\"http://product.it168.com/cword/362.shtml\">主屏尺寸</a></td><td class=\"td5\">3.5英寸</td></tr><tr><td class=\"td4\"><a rel=\"nofollow\" href=\"http://product.it168.com/cword/356.shtml\">主屏材质</a></td><td class=\"td5\">IPS</td></tr><tr><td class=\"td4\"><a style=\"color:#333333;text-decoration:none;\" rel=\"nofollow\">主屏分辨率</a></td><td class=\"td5\">640×960</td></tr><tr><td class=\"td4\"><a style=\"color:#333333;text-decoration:none;\" rel=\"nofollow\">主屏像素密度</a></td><td class=\"td5\">330/英寸</td></tr><tr><th rowspan=\"12\" name=\"s4\">硬件参数</th><td class=\"td2\"><a rel=\"nofollow\" href=\"http://product.it168.com/cword/2981.shtml\">操作系统</a></td><td class=\"td3\">iOS6</td></tr><tr><td class=\"td4\"><a style=\"color:#333333;text-decoration:none;\" rel=\"nofollow\">系统界面</a></td><td class=\"td5\">苹果iOS操作界面</td></tr><tr><td class=\"td4\"><a rel=\"nofollow\" href=\"http://product.it168.com/cword/3607.shtml\">CPU型号</a></td><td class=\"td5\">苹果A5</td></tr><tr><td class=\"td4\"><a style=\"color:#333333;text-decoration:none;\" rel=\"nofollow\">核心数</a></td><td class=\"td5\">双核</td></tr><tr><td class=\"td4\"><a style=\"color:#333333;text-decoration:none;\" rel=\"nofollow\">CPU频率</a></td><td class=\"td5\">1GHz</td></tr><tr><td class=\"td4\"><a style=\"color:#333333;text-decoration:none;\" rel=\"nofollow\">GPU型号</a></td><td class=\"td5\">Imagination PowerVR SGX543</td></tr><tr><td class=\"td4\"><a style=\"color:#333333;text-decoration:none;\" rel=\"nofollow\">运行内存RAM</a></td><td class=\"td5\">512MB</td></tr><tr><td class=\"td4\"><a rel=\"nofollow\" href=\"http://product.it168.com/cword/2890.shtml\">机身存储</a></td><td class=\"td5\">32GB</td></tr><tr><td class=\"td4\"><a rel=\"nofollow\" href=\"http://product.it168.com/cword/3032.shtml\">存储卡</a></td><td class=\"td5\">不支持 <a style=\"font-size:12px;\" href=\"http://product.it168.com/list/b/0313_s_3364-995s_1.shtml\">查看扩展卡报价</a></td></tr><tr><td class=\"td4\"><a style=\"color:#333333;text-decoration:none;\" rel=\"nofollow\">SIM卡规格</a></td><td class=\"td5\">小卡(Micro-SIM卡)</td></tr><tr><td class=\"td4\"><a rel=\"nofollow\" href=\"http://product.it168.com/cword/364.shtml\">电池容量</a></td><td class=\"td5\">1420毫安时 <a style=\"font-size:12px;\" href=\"http://product.it168.com/list/b/0333_1.shtml\">查看手机电池报价</a></td></tr><tr><td class=\"td4\"><a style=\"color:#333333;text-decoration:none;\" rel=\"nofollow\">电池更换</a></td><td class=\"td5\">不支持</td></tr><tr><th rowspan=\"8\" name=\"s5\">相机参数 </th><td class=\"td2\"><a rel=\"nofollow\" href=\"http://product.it168.com/cword/890.shtml\">后置摄像头</a></td><td class=\"td3\">800万</td></tr><tr><td class=\"td4\"><a style=\"color:#333333;text-decoration:none;\" rel=\"nofollow\">前置摄像头</a></td><td class=\"td5\">30万</td></tr><tr><td class=\"td4\"><a style=\"color:#333333;text-decoration:none;\" rel=\"nofollow\">传感器类型</a></td><td class=\"td5\">背照式CMOS</td></tr><tr><td class=\"td4\"><a style=\"color:#333333;text-decoration:none;\" rel=\"nofollow\">闪光灯</a></td><td class=\"td5\">1组LED补光灯</td></tr><tr><td class=\"td4\"><a style=\"color:#333333;text-decoration:none;\" rel=\"nofollow\">光圈</a></td><td class=\"td5\">F/2.4</td></tr><tr><td class=\"td4\"><a style=\"color:#333333;text-decoration:none;\" rel=\"nofollow\">视频拍摄(后置)</a></td><td class=\"td5\">支持, 1080p(1920×1080)</td></tr><tr><td class=\"td4\"><a style=\"color:#333333;text-decoration:none;\" rel=\"nofollow\">广角</a></td><td class=\"td5\">不支持</td></tr><tr><td class=\"td4\"><a style=\"color:#333333;text-decoration:none;\" rel=\"nofollow\">连续拍摄</a></td><td class=\"td5\">不支持</td></tr><tr><th rowspan=\"4\" name=\"s6\">外观参数</th><td class=\"td2\"><a style=\"color:#333333;text-decoration:none;\" rel=\"nofollow\">机身颜色</a></td><td class=\"td3\">黑色、白色</td></tr><tr><td class=\"td4\"><a style=\"color:#333333;text-decoration:none;\" rel=\"nofollow\">手机尺寸</a></td><td class=\"td5\">115.2×58.6×9.3</td></tr><tr><td class=\"td4\"><a style=\"color:#333333;text-decoration:none;\" rel=\"nofollow\">手机重量</a></td><td class=\"td5\">140克</td></tr><tr><td class=\"td4\"><a style=\"color:#333333;text-decoration:none;\" rel=\"nofollow\">机身材质</a></td><td class=\"td5\">玻璃钢</td></tr><tr><th rowspan=\"8\" name=\"s7\">传输功能</th><td class=\"td2\"><a style=\"color:#333333;text-decoration:none;\" rel=\"nofollow\">内置GPS导航模块</a></td><td class=\"td3\">支持</td></tr><tr><td class=\"td4\"><a rel=\"nofollow\" href=\"http://product.it168.com/cword/3568.shtml\">WiFi无线上网</a></td><td class=\"td5\">支持WiFi(802.11b/g)</td></tr><tr><td class=\"td4\"><a style=\"color:#333333;text-decoration:none;\" rel=\"nofollow\">WiFi热点</a></td><td class=\"td5\">不支持</td></tr><tr><td class=\"td4\"><a rel=\"nofollow\" href=\"http://product.it168.com/cword/332.shtml\">蓝牙</a></td><td class=\"td5\">蓝牙4.0 <a style=\"font-size:12px;\" href=\"http://product.it168.com/list/b/0329_1.shtml\">查看蓝牙耳机报价</a></td></tr><tr><td class=\"td4\"><a style=\"color:#333333;text-decoration:none;\" rel=\"nofollow\">NFC</a></td><td class=\"td5\">不支持</td></tr><tr><td class=\"td4\"><a style=\"color:#333333;text-decoration:none;\" rel=\"nofollow\">OTG</a></td><td class=\"td5\">不支持</td></tr><tr><td class=\"td4\"><a style=\"color:#333333;text-decoration:none;\" rel=\"nofollow\">数据线接口</a></td><td class=\"td5\">30-pin dock</td></tr><tr><td class=\"td4\"><a style=\"color:#333333;text-decoration:none;\" rel=\"nofollow\">耳机接口类型</a></td><td class=\"td5\">3.5 mm <a style=\"font-size:12px;\" href=\"http://product.it168.com/list/b/1264_1.shtml\">查看手机耳机报价</a></td></tr><tr><th rowspan=\"5\" name=\"s8\">影音参数</th><td class=\"td2\"><a rel=\"nofollow\" href=\"http://product.it168.com/cword/2836.shtml\">音频格式</a></td><td class=\"td3\">MP3、WAV、AIFF、Apple lossless等</td></tr><tr><td class=\"td4\"><a style=\"color:#333333;text-decoration:none;\" rel=\"nofollow\">音效模式</a></td><td class=\"td5\">数字音效</td></tr><tr><td class=\"td4\"><a rel=\"nofollow\" href=\"http://product.it168.com/cword/3567.shtml\">视频格式</a></td><td class=\"td5\">MP4、MOV、AVI</td></tr><tr><td class=\"td4\"><a style=\"color:#333333;text-decoration:none;\" rel=\"nofollow\">喇叭数(音腔数)</a></td><td class=\"td5\">1个</td></tr><tr><td class=\"td4\"><a rel=\"nofollow\" href=\"http://product.it168.com/cword/2837.shtml\">FM收音机</a></td><td class=\"td5\">不支持</td></tr><tr><th rowspan=\"6\" name=\"s9\">感应和优化</th><td class=\"td2\"><a style=\"color:#333333;text-decoration:none;\" rel=\"nofollow\">重力感应</a></td><td class=\"td3\">支持</td></tr><tr><td class=\"td4\"><a style=\"color:#333333;text-decoration:none;\" rel=\"nofollow\">光线传感器</a></td><td class=\"td5\">支持</td></tr><tr><td class=\"td4\"><a style=\"color:#333333;text-decoration:none;\" rel=\"nofollow\">距离感应</a></td><td class=\"td5\">支持</td></tr><tr><td class=\"td4\"><a style=\"color:#333333;text-decoration:none;\" rel=\"nofollow\">麦克风降噪</a></td><td class=\"td5\">支持</td></tr><tr><td class=\"td4\"><a style=\"color:#333333;text-decoration:none;\" rel=\"nofollow\">陀螺仪</a></td><td class=\"td5\">支持</td></tr><tr><td class=\"td4\"><a style=\"color:#333333;text-decoration:none;\" rel=\"nofollow\">电子罗盘</a></td><td class=\"td5\">支持</td></tr><tr><th rowspan=\"4\" name=\"s10\">售后保修</th><td class=\"td2\"><a style=\"color:#333333;text-decoration:none;\" rel=\"nofollow\">保修政策</a></td><td class=\"td3\">本产品全国联保，享受三包服务</td></tr><tr><td class=\"td4\"><a style=\"color:#333333;text-decoration:none;\" rel=\"nofollow\">质保时间</a></td><td class=\"td5\">1年</td></tr><tr><td class=\"td4\"><a style=\"color:#333333;text-decoration:none;\" rel=\"nofollow\">服务电话</a></td><td class=\"td5\">400-627-2273</td></tr><tr><td class=\"td4\"><a style=\"color:#333333;text-decoration:none;\" rel=\"nofollow\">官方网站</a></td><td class=\"td5\">http://www.apple.com.cn/iphone/</td></tr>\r\n            </tbody></table>', '是', '2015-01-01 22:25:22', '2017-12-29 22:24:49', 'http://2a.zol-img.com.cn/product/73_800x600/930/ce5UuJtMlwAO6.jpg', '1270', '468', '2000', '1.0');
INSERT INTO `product` VALUES ('21', '苹果Magic Mouse鼠标', '5', '345.00', '475.00', 'E43453', '<table class=\"Ptable\" width=\"100%\" border=\"0\" cellpadding=\"0\" cellspacing=\"1\">\r\n                        <tbody><tr><th class=\"tdTitle\" colspan=\"2\">主体</th></tr><tr>\r\n                              </tr><tr><td class=\"tdTitle\">品牌</td><td>APPLE</td></tr>\r\n                                        <tr><td class=\"tdTitle\">类型</td><td>其它</td></tr>\r\n                                                    <tr><th class=\"tdTitle\" colspan=\"2\">特点</th></tr><tr>\r\n                              </tr><tr><td class=\"tdTitle\">特点</td><td>商务简约</td></tr>\r\n                                       </tbody></table>', '是', '2015-01-01 22:25:22', '2017-12-29 22:24:49', 'http://2a.zol-img.com.cn/product/38_800x600/428/ceVZd9vKMs2jU.jpg', '53445', '23222', '50000', '1.0');
INSERT INTO `product` VALUES ('22', '苹果（Apple） MB112FE/B Macbook 有线鼠标', '5', '234.00', '345.00', 'E34344', '<table class=\"Ptable\" width=\"100%\" border=\"0\" cellpadding=\"0\" cellspacing=\"1\">\r\n                        <tbody><tr><th class=\"tdTitle\" colspan=\"2\">主体</th></tr><tr>\r\n                              </tr><tr><td class=\"tdTitle\">品牌</td><td>APPLE</td></tr>\r\n                                        <tr><td class=\"tdTitle\">类型</td><td>其它</td></tr>\r\n                                                    <tr><th class=\"tdTitle\" colspan=\"2\">特点</th></tr><tr>\r\n                              </tr><tr><td class=\"tdTitle\">特点</td><td>商务简约</td></tr>\r\n                                       </tbody></table>', '是', '2015-01-01 22:25:22', '2017-12-29 22:24:49', 'http://2d.zol-img.com.cn/product/38/553/ceVzlkETxqr5.jpg', '32322', '10032', '45000', '1.0');
INSERT INTO `product` VALUES ('23', '苹果Magic Mouse 2鼠标', '5', '323.00', '450.00', 'E43455', '<table class=\"Ptable\" width=\"100%\" border=\"0\" cellpadding=\"0\" cellspacing=\"1\">\r\n                        <tbody><tr><th class=\"tdTitle\" colspan=\"2\">主体</th></tr><tr>\r\n                              </tr><tr><td class=\"tdTitle\">品牌</td><td>APPLE</td></tr>\r\n                                        <tr><td class=\"tdTitle\">类型</td><td>其它</td></tr>\r\n                                                    <tr><th class=\"tdTitle\" colspan=\"2\">特点\r\r\n</th></tr><tr>\r\n                              </tr><tr><td class=\"tdTitle\">特点</td><td>商务简约</td></tr>\r\n                                       </tbody></table>', '是', '2015-01-01 22:25:22', '2017-12-29 22:24:49', 'http://2e.zol-img.com.cn/product/165_800x600/612/ceEYS5TKdlROw.jpg', '87656', '32333', '76500', '1.0');
INSERT INTO `product` VALUES ('24', '苹果Mighty Mouse鼠标', '5', '298.00', '345.00', 'E45232', '<table class=\"Ptable\" width=\"100%\" border=\"0\" cellpadding=\"0\" cellspacing=\"1\">\r\n                        <tbody><tr><th class=\"tdTitle\" colspan=\"2\">主体</th></tr><tr>\r\n                              </tr><tr><td class=\"tdTitle\">品牌</td><td>APPLE</td></tr>\r\n                                        <tr><td class=\"tdTitle\">类型</td><td>其它</td></tr>\r\n                                                    <tr><th class=\"tdTitle\" colspan=\"2\">特点\r\r\n</th></tr><tr>\r\n                              </tr><tr><td class=\"tdTitle\">特点</td><td>商务简约</td></tr>\r\n                                       </tbody></table>', '是', '2015-01-01 22:25:22', '2017-12-29 22:24:49', 'http://2b.zol-img.com.cn/product/38/581/ceqKgc7dzLRSc.jpg', '23221', '9855', '15000', '1.0');
INSERT INTO `product` VALUES ('25', '苹果Wireless Keyboard', '5', '422.00', '500.00', 'E45244', '<table class=\"Ptable\" width=\"100%\" border=\"0\" cellpadding=\"0\" cellspacing=\"1\">\r\n                        <tbody><tr><th class=\"tdTitle\" colspan=\"2\">主体</th></tr><tr>\r\n                              </tr><tr><td class=\"tdTitle\">品牌</td><td>APPLE</td></tr>\r\n                                        <tr><td class=\"tdTitle\">类型</td><td>其它</td></tr>\r\n                                                    <tr><th class=\"tdTitle\" colspan=\"2\">特点\r\r\n</th></tr><tr>\r\n                              </tr><tr><td class=\"tdTitle\">特点</td><td>商务简约</td></tr>\r\n                                       </tbody></table>', '是', '2015-01-01 22:25:22', '2017-12-29 22:24:49', 'http://2e.zol-img.com.cn/product/38/876/ceYJouIyG4Ow.jpg', '14345', '12112', '45000', '1.0');
INSERT INTO `product` VALUES ('26', '苹果Keyboard（带小键盘）', '5', '345.00', '420.00', 'E44255', '<table class=\"Ptable\" width=\"100%\" border=\"0\" cellpadding=\"0\" cellspacing=\"1\">\r\n                        <tbody><tr><th class=\"tdTitle\" colspan=\"2\">主体</th></tr><tr>\r\n                              </tr><tr><td class=\"tdTitle\">品牌</td><td>APPLE</td></tr>\r\n                                        <tr><td class=\"tdTitle\">类型</td><td>其它</td></tr>\r\n                                                    <tr><th class=\"tdTitle\" colspan=\"2\">特点\r\r\n</th></tr><tr>\r\n                              </tr><tr><td class=\"tdTitle\">特点</td><td>商务简约</td></tr>\r\n                                       </tbody></table>', '是', '2015-01-01 22:25:22', '2017-12-29 22:24:49', 'http://2a.zol-img.com.cn/product/38/502/cemgDlVNpGgY.jpg', '12322', '7655', '23000', '1.0');
INSERT INTO `product` VALUES ('27', '苹果iPad Keyboard Dock无线蓝牙键盘', '5', '345.00', '480.00', 'E53222', '<table class=\"Ptable\" width=\"100%\" border=\"0\" cellpadding=\"0\" cellspacing=\"1\">\r\n                        <tbody><tr><th class=\"tdTitle\" colspan=\"2\">主体</th></tr><tr>\r\n                              </tr><tr><td class=\"tdTitle\">品牌</td><td>APPLE</td></tr>\r\n                                        <tr><td class=\"tdTitle\">类型</td><td>其它</td></tr>\r\n                                                    <tr><th class=\"tdTitle\" colspan=\"2\">特点\r\r\n</th></tr><tr>\r\n                              </tr><tr><td class=\"tdTitle\">特点</td><td>商务简约</td></tr>\r\n                                       </tbody></table>', '是', '2015-01-01 22:25:22', '2017-12-29 22:24:49', 'http://2b.zol-img.com.cn/product/56/561/cePDAyEvab7mo.jpg', '13221', '8755', '32000', '1.0');
INSERT INTO `product` VALUES ('28', '苹果Smart Keyboard键盘', '5', '1200.00', '1500.00', 'E13342', '<table class=\"Ptable\" width=\"100%\" border=\"0\" cellpadding=\"0\" cellspacing=\"1\">\r\n                        <tbody><tr><th class=\"tdTitle\" colspan=\"2\">主体</th></tr><tr>\r\n                              </tr><tr><td class=\"tdTitle\">品牌</td><td>APPLE</td></tr>\r\n                                        <tr><td class=\"tdTitle\">类型</td><td>其它</td></tr>\r\n                                                    <tr><th class=\"tdTitle\" colspan=\"2\">特点\r\r\n</th></tr><tr>\r\n                              </tr><tr><td class=\"tdTitle\">特点</td><td>商务简约</td></tr>\r\n                                       </tbody></table>', '是', '2015-01-01 22:25:22', '2017-12-29 22:24:49', 'http://2e.zol-img.com.cn/product/164_800x600/698/ceTHnyE0DvXwM.jpg', '21324', '12111', '43222', '1.0');
INSERT INTO `product` VALUES ('29', '苹果Magic Keyboard键盘', '5', '626.00', '824.00', 'E34224', '<table class=\"Ptable\" width=\"100%\" border=\"0\" cellpadding=\"0\" cellspacing=\"1\">\r\n                        <tbody><tr><th class=\"tdTitle\" colspan=\"2\">主体</th></tr><tr>\r\n                              </tr><tr><td class=\"tdTitle\">品牌</td><td>APPLE</td></tr>\r\n                                        <tr><td class=\"tdTitle\">类型</td><td>其它</td></tr>\r\n                                                    <tr><th class=\"tdTitle\" colspan=\"2\">特点\r\r\n</th></tr><tr>\r\n                              </tr><tr><td class=\"tdTitle\">特点</td><td>商务简约</td></tr>\r\n                                       </tbody></table>', '是', '2015-01-01 22:25:22', '2017-12-29 22:24:49', 'http://2b.zol-img.com.cn/product/165_800x600/513/cefX10eCUBdWs.jpg', '13223', '5433', '15000', '1.0');
INSERT INTO `product` VALUES ('30', '苹果iPhone 5s Case皮质保护套', '5', '210.00', '280.00', 'E13242', '<table class=\"Ptable\" width=\"100%\" border=\"0\" cellpadding=\"0\" cellspacing=\"1\">\r\n                        <tbody><tr><th class=\"tdTitle\" colspan=\"2\">主体</th></tr><tr>\r\n                              </tr><tr><td class=\"tdTitle\">品牌</td><td>APPLE</td></tr>\r\n                                        <tr><td class=\"tdTitle\">类型</td><td>其它</td></tr>\r\n                                                    <tr><th class=\"tdTitle\" colspan=\"2\">特点\r\r\n</th></tr><tr>\r\n                              </tr><tr><td class=\"tdTitle\">特点</td><td>商务简约</td></tr>\r\n                                       </tbody></table>', '是', '2015-01-01 22:25:22', '2017-12-29 22:24:49', 'http://2e.zol-img.com.cn/product/128/944/ce0H5NfLl2hYU.jpg', '21224', '11322', '24000', '1.0');
INSERT INTO `product` VALUES ('31', '苹果iPhone 6 Plus硅胶保护壳', '5', '198.00', '265.00', 'E23312', '<table class=\"Ptable\" width=\"100%\" border=\"0\" cellpadding=\"0\" cellspacing=\"1\">\r\n                        <tbody><tr><th class=\"tdTitle\" colspan=\"2\">主体</th></tr><tr>\r\n                              </tr><tr><td class=\"tdTitle\">品牌</td><td>APPLE</td></tr>\r\n                                        <tr><td class=\"tdTitle\">类型</td><td>其它</td></tr>\r\n                                                    <tr><th class=\"tdTitle\" colspan=\"2\">特点\r\r\n</th></tr><tr>\r\n                              </tr><tr><td class=\"tdTitle\">特点</td><td>商务简约</td></tr>\r\n                                       </tbody></table>', '是', '2015-01-01 22:25:22', '2017-12-29 22:24:49', 'http://2a.zol-img.com.cn/product/148/82/ceKybLMKarAkg.jpg', '23222', '16543', '54333', '1.0');
INSERT INTO `product` VALUES ('32', '苹果iPhone 6硅胶保护壳', '5', '165.00', '235.00', 'E64242', '<table class=\"Ptable\" width=\"100%\" border=\"0\" cellpadding=\"0\" cellspacing=\"1\">\r\n                        <tbody><tr><th class=\"tdTitle\" colspan=\"2\">主体</th></tr><tr>\r\n                              </tr><tr><td class=\"tdTitle\">品牌</td><td>APPLE</td></tr>\r\n                                        <tr><td class=\"tdTitle\">类型</td><td>其它</td></tr>\r\n                                                    <tr><th class=\"tdTitle\" colspan=\"2\">特点\r\r\n</th></tr><tr>\r\n                              </tr><tr><td class=\"tdTitle\">特点</td><td>商务简约</td></tr>\r\n                                       </tbody></table>', '是', '2015-01-01 22:25:22', '2017-12-29 22:24:49', 'http://2c.zol-img.com.cn/product/149/780/cewuyNPA5VNw.jpg', '32125', '21222', '65444', '1.0');

-- ----------------------------
-- Table structure for proimages
-- ----------------------------
DROP TABLE IF EXISTS `proimages`;
CREATE TABLE `proimages` (
  `id` tinyint(25) NOT NULL AUTO_INCREMENT,
  `imagealt` text,
  `imagesrc` text,
  `proid` tinyint(25) NOT NULL,
  PRIMARY KEY (`id`),
  KEY `proid` (`proid`)
) ENGINE=MyISAM AUTO_INCREMENT=90 DEFAULT CHARSET=utf8;

-- ----------------------------
-- Records of proimages
-- ----------------------------
INSERT INTO `proimages` VALUES ('6', 'iphone4s', 'http://2a.zol-img.com.cn/product/73_800x600/930/ce5UuJtMlwAO6.jpg', '2');
INSERT INTO `proimages` VALUES ('1', 'iphone4', 'http://2e.zol-img.com.cn/product/49_800x600/148/ceZGtLN6jncbA.jpg', '1');
INSERT INTO `proimages` VALUES ('2', 'iphone4', 'http://2d.zol-img.com.cn/product/55_800x600/899/celN293jBrBiQ.jpg', '1');
INSERT INTO `proimages` VALUES ('3', 'iphone4', 'http://2f.zol-img.com.cn/product/55_800x600/895/cewK6ppeAr0d.jpg', '1');
INSERT INTO `proimages` VALUES ('4', 'iphone4', 'http://2a.zol-img.com.cn/product/55_800x600/890/ceeL9DXKDRlwk.jpg', '1');
INSERT INTO `proimages` VALUES ('5', 'iphone4', 'http://2e.zol-img.com.cn/product/55_800x600/894/ceMuffmPwEE.jpg', '1');
INSERT INTO `proimages` VALUES ('7', 'iphone4s', 'http://2d.zol-img.com.cn/product/73_800x600/151/ceUBigaP8Zi2.jpg', '2');
INSERT INTO `proimages` VALUES ('8', 'iphone4s', 'http://2b.zol-img.com.cn/product/73_800x600/931/ceswsIbFKPak.jpg', '2');
INSERT INTO `proimages` VALUES ('9', 'iphone4s', 'http://2d.zol-img.com.cn/product/148_800x600/751/ce6Pg5KbfsGZM.jpg', '2');
INSERT INTO `proimages` VALUES ('10', 'iphone4s', 'http://2e.zol-img.com.cn/product/73_800x600/928/cen71PCc2rGc.jpg', '2');
INSERT INTO `proimages` VALUES ('11', 'iphone5s', 'http://2f.zol-img.com.cn/product/121_800x600/769/ce6ak9yGLOI.jpg', '3');
INSERT INTO `proimages` VALUES ('12', 'iphone5s', 'http://2e.zol-img.com.cn/product/121_800x600/780/ceMLvgbcaTsv.jpg', '3');
INSERT INTO `proimages` VALUES ('13', 'iPhone6 Plus', 'http://2b.zol-img.com.cn/product/148_800x600/923/cex6sL0uJ9USg.jpg', '4');
INSERT INTO `proimages` VALUES ('14', 'iPhone6 Plus', 'http://2a.zol-img.com.cn/product/141_800x600/132/ceF8j4MGl8zxs.jpg', '4');
INSERT INTO `proimages` VALUES ('15', 'iPhone6 Plus', 'http://2b.zol-img.com.cn/product/141_800x600/145/ceMmRsbyJ8hU.jpg', '4');
INSERT INTO `proimages` VALUES ('16', 'iPhone6 Plus', 'http://2b.zol-img.com.cn/product/148_800x600/911/ceSoGTiq05aIc.jpg', '4');
INSERT INTO `proimages` VALUES ('17', 'iPhone6 Plus', 'http://2b.zol-img.com.cn/product/148_800x600/935/ceXFDqjufMITg.jpg', '4');
INSERT INTO `proimages` VALUES ('18', 'iPhone6 Plus', 'http://2f.zol-img.com.cn/product/148_800x600/909/ceOsEUwqJAJE.jpg', '4');
INSERT INTO `proimages` VALUES ('19', 'iPhone 6s', 'http://2b.zol-img.com.cn/product/165_800x600/739/ceVppl3AvIQbk.jpg', '5');
INSERT INTO `proimages` VALUES ('20', 'iPhone 6s', 'http://2d.zol-img.com.cn/product/165_800x600/741/cer12aB1EMek.jpg', '5');
INSERT INTO `proimages` VALUES ('21', 'iPhone 6s', 'http://2e.zol-img.com.cn/product/165_800x600/742/ce5aYXnFlLyoM.jpg', '5');
INSERT INTO `proimages` VALUES ('22', 'iPhone 6s', 'http://2f.zol-img.com.cn/product/165_800x600/743/ceXdFq0gGmVw.jpg', '5');
INSERT INTO `proimages` VALUES ('23', 'iMac', 'http://2e.zol-img.com.cn/product/120_800x600/222/ceXSZFEyQbAMo.jpg', '6');
INSERT INTO `proimages` VALUES ('24', 'iMac', 'http://2a.zol-img.com.cn/product/99_800x600/706/ceVIZhoKz23k.jpg', '6');
INSERT INTO `proimages` VALUES ('25', 'iMac', 'http://2e.zol-img.com.cn/product/99/604/ceTcYYU7v7M.jpg', '6');
INSERT INTO `proimages` VALUES ('26', 'Mac mini', 'http://2d.zol-img.com.cn/product/99/307/ce5XnFt88ers.jpg', '7');
INSERT INTO `proimages` VALUES ('27', 'Mac mini', 'http://2b.zol-img.com.cn/product/72/181/ceERdB4RNDEVg.jpg', '7');
INSERT INTO `proimages` VALUES ('28', 'Macbook Air', 'http://2e.zol-img.com.cn/product/90/792/ceKzxHw2yulFU.jpg', '8');
INSERT INTO `proimages` VALUES ('29', 'Macbook Air', 'http://2e.zol-img.com.cn/product/115/388/ceG6qFUxKnrw.jpg', '8');
INSERT INTO `proimages` VALUES ('30', 'Macbook Air', 'http://2d.zol-img.com.cn/product/115/387/ceQySnDW4RsbA.jpg', '8');
INSERT INTO `proimages` VALUES ('31', 'Macbook Pro', 'http://2d.zol-img.com.cn/product/51_800x600/597/cefewhZ5k0g2.jpg', '9');
INSERT INTO `proimages` VALUES ('32', 'Macbook Pro', 'http://2b.zol-img.com.cn/product/51_800x600/601/ceTWlWyrexBU.jpg', '9');
INSERT INTO `proimages` VALUES ('33', 'Macbook Pro', 'http://2d.zol-img.com.cn/product/24_800x600/601/cetTBNgSrpmUw.jpg', '9');
INSERT INTO `proimages` VALUES ('34', ' iPad mini', 'http://2c.zol-img.com.cn/product/100_800x600/658/ceOkAbK6qgtsQ.jpg', '10');
INSERT INTO `proimages` VALUES ('35', ' iPad mini', 'http://2f.zol-img.com.cn/product/100_800x600/27/ceNkJqAg6hULM.jpg', '10');
INSERT INTO `proimages` VALUES ('36', ' iPad mini', 'http://2b.zol-img.com.cn/product/100_800x600/663/ceshCoI9I6FE.jpg', '10');
INSERT INTO `proimages` VALUES ('37', ' iPad Air', 'http://2e.zol-img.com.cn/product/131_800x600/58/cerrKkSTbl0F2.jpg', '11');
INSERT INTO `proimages` VALUES ('38', ' iPad Air', 'http://2f.zol-img.com.cn/product/131_800x600/59/ceVFdiqVsrhyE.jpg', '11');
INSERT INTO `proimages` VALUES ('39', ' iPad Air', 'http://2e.zol-img.com.cn/product/131_800x600/46/cetWThdc0rGKY.jpg', '11');
INSERT INTO `proimages` VALUES ('40', ' iPad mini 2', 'http://2e.zol-img.com.cn/product/136_800x600/762/ceZTaAjiFdQ9.jpg', '12');
INSERT INTO `proimages` VALUES ('41', ' iPad mini 2', 'http://2f.zol-img.com.cn/product/136_800x600/775/cesK98QyMqZG6.jpg', '12');
INSERT INTO `proimages` VALUES ('42', ' iPad mini 2', 'http://2c.zol-img.com.cn/product/136_800x600/778/ceKKCanI4PJ1c.jpg', '12');
INSERT INTO `proimages` VALUES ('56', '苹果（Apple） 耳机', 'http://img11.360buyimg.com/n5/g7/M03/08/0C/rBEHZVBziAMIAAAAAABUEjw0EYQAABo1gF1VYEAAFQq465.jpg', '18');
INSERT INTO `proimages` VALUES ('43', ' iPad Air 2', 'http://2e.zol-img.com.cn/product/143_800x600/48/ceNlfFdN1yJdM.jpg', '13');
INSERT INTO `proimages` VALUES ('44', ' iPad Air 2', 'http://2d.zol-img.com.cn/product/142_800x600/203/cejQJeVrq5ac.jpg', '13');
INSERT INTO `proimages` VALUES ('45', 'iPad mini 4', 'http://2d.zol-img.com.cn/product/165_800x600/811/ceTdJikObjB8Y.jpg', '14');
INSERT INTO `proimages` VALUES ('46', 'iPad mini 4', 'http://2b.zol-img.com.cn/product/165_800x600/809/ceGheUXlbRsA.jpg', '14');
INSERT INTO `proimages` VALUES ('47', 'Apple Watch Sport', 'http://2e.zol-img.com.cn/product/140/956/ceUhWHFCZo3I.jpg', '15');
INSERT INTO `proimages` VALUES ('48', 'Apple Watch Sport', 'http://2d.zol-img.com.cn/product/140/889/ce1pXarQIhDtw.jpg', '15');
INSERT INTO `proimages` VALUES ('49', 'Apple Watch Sport', 'http://2d.zol-img.com.cn/product/140/889/ce1pXarQIhDtw.jpg', '15');
INSERT INTO `proimages` VALUES ('50', 'Apple Watch', 'http://2b.zol-img.com.cn/product/152_800x600/613/celWNhKeVzKa.jpg', '16');
INSERT INTO `proimages` VALUES ('51', 'Apple Watch', 'http://2b.zol-img.com.cn/product/152/761/ceKmGQMMQq6DE.jpg', '16');
INSERT INTO `proimages` VALUES ('52', 'Apple Watch', 'http://2d.zol-img.com.cn/product/152/763/ceo5tNsiwkSiY.jpg', '16');
INSERT INTO `proimages` VALUES ('53', 'Apple Watch', 'http://2f.zol-img.com.cn/product/152/777/cexBNa8m8O7o.jpg', '16');
INSERT INTO `proimages` VALUES ('54', 'Apple Watch', 'http://2b.zol-img.com.cn/product/152/779/cec458MgQ7Je2.jpg', '16');
INSERT INTO `proimages` VALUES ('55', '苹果（Apple）USB 充电器/电源适配器', 'http://2c.zol-img.com.cn/product/10/618/cenHfMQZtulk.jpg', '17');
INSERT INTO `proimages` VALUES ('57', '苹果（Apple） 耳机', 'http://2f.zol-img.com.cn/product/104_800x600/875/cemImwYL8C9Y.jpg', '18');
INSERT INTO `proimages` VALUES ('58', '苹果（Apple） 耳机', 'http://2d.zol-img.com.cn/product/104_800x600/885/ce6MPW31xsqM.jpg', '18');
INSERT INTO `proimages` VALUES ('59', '苹果（Apple） 耳机', 'http://2b.zol-img.com.cn/product/104_800x600/889/cer798CzlqcBA.jpg', '18');
INSERT INTO `proimages` VALUES ('60', '苹果（Apple）新款无线蓝牙鼠标', 'http://2c.zol-img.com.cn/product/38_800x600/412/cee4NEY4KPQVE.jpg', '19');
INSERT INTO `proimages` VALUES ('61', '苹果（Apple）新款无线蓝牙鼠标', 'http://2e.zol-img.com.cn/product/140_800x600/108/ce7iwaktuiomI.jpg', '19');
INSERT INTO `proimages` VALUES ('62', '苹果（Apple）新款无线蓝牙鼠标', 'http://2c.zol-img.com.cn/product/140_800x600/112/cedTOQJ93IqK2.jpg', '19');
INSERT INTO `proimages` VALUES ('63', '苹果（Apple）连接线/数据线', 'http://2b.zol-img.com.cn/product/108/395/ceDVZ1DM164U.jpg', '20');
INSERT INTO `proimages` VALUES ('64', '苹果Magic Mouse鼠标', 'http://2a.zol-img.com.cn/product/38_800x600/428/ceVZd9vKMs2jU.jpg', '21');
INSERT INTO `proimages` VALUES ('65', '苹果Magic Mouse鼠标', 'http://2f.zol-img.com.cn/product/38_800x600/427/ce8YLBVpgC4U.jpg', '21');
INSERT INTO `proimages` VALUES ('66', '苹果（Apple） MB112FE/B Macbook 有线鼠标', 'http://2d.zol-img.com.cn/product/38/553/ceVzlkETxqr5.jpg', '22');
INSERT INTO `proimages` VALUES ('67', '苹果（Apple） MB112FE/B Macbook 有线鼠标', 'http://2d.zol-img.com.cn/product/38_100x75/553/ceVzlkETxqr5.jpg', '22');
INSERT INTO `proimages` VALUES ('68', '苹果（Apple） MB112FE/B Macbook 有线鼠标', 'http://2f.zol-img.com.cn/product/123/77/ce4Z0nOLItPyA.jpg', '22');
INSERT INTO `proimages` VALUES ('69', '苹果Magic Mouse 2鼠标', 'http://2e.zol-img.com.cn/product/165_800x600/612/ceEYS5TKdlROw.jpg', '23');
INSERT INTO `proimages` VALUES ('70', '苹果Magic Mouse 2鼠标', 'http://2d.zol-img.com.cn/product/165_800x600/611/ce3R8stjdb85k.jpg', '23');
INSERT INTO `proimages` VALUES ('71', '苹果Mighty Mouse鼠标', 'http://2b.zol-img.com.cn/product/38/581/ceqKgc7dzLRSc.jpg', '24');
INSERT INTO `proimages` VALUES ('72', '苹果Mighty Mouse鼠标', 'http://2c.zol-img.com.cn/product/123/176/cewaCtpwvmgBc.jpg', '24');
INSERT INTO `proimages` VALUES ('73', '苹果Wireless Keyboard', 'http://2e.zol-img.com.cn/product/38/876/ceYJouIyG4Ow.jpg', '25');
INSERT INTO `proimages` VALUES ('74', '苹果Wireless Keyboard', 'http://2d.zol-img.com.cn/product/38_800x600/881/ce8jqsgbAlWnk.jpg', '25');
INSERT INTO `proimages` VALUES ('75', '苹果Keyboard（带小键盘）', 'http://2a.zol-img.com.cn/product/38/502/cemgDlVNpGgY.jpg', '26');
INSERT INTO `proimages` VALUES ('76', '苹果iPad Keyboard Dock无线蓝牙键盘', 'http://2b.zol-img.com.cn/product/56/561/cePDAyEvab7mo.jpg', '27');
INSERT INTO `proimages` VALUES ('77', '苹果iPad Keyboard Dock无线蓝牙键盘', 'http://2a.zol-img.com.cn/product/56/560/celNjsSFUPYak.jpg', '27');
INSERT INTO `proimages` VALUES ('78', '苹果Smart Keyboard键盘', 'http://2e.zol-img.com.cn/product/164_800x600/698/ceTHnyE0DvXwM.jpg', '28');
INSERT INTO `proimages` VALUES ('79', '苹果Smart Keyboard键盘', 'http://2c.zol-img.com.cn/product/167/986/cemlVueEmdlsk.jpg', '28');
INSERT INTO `proimages` VALUES ('80', '苹果Magic Keyboard键盘', 'http://2b.zol-img.com.cn/product/165_800x600/513/cefX10eCUBdWs.jpg', '29');
INSERT INTO `proimages` VALUES ('81', '苹果Magic Keyboard键盘', 'http://2d.zol-img.com.cn/product/165_800x600/509/ceExFJZOrRbc.jpg', '29');
INSERT INTO `proimages` VALUES ('82', '苹果iPhone 5s Case皮质保护套', 'http://2e.zol-img.com.cn/product/128/944/ce0H5NfLl2hYU.jpg', '30');
INSERT INTO `proimages` VALUES ('83', '苹果iPhone 6 Plus硅胶保护壳', 'http://2a.zol-img.com.cn/product/148/82/ceKybLMKarAkg.jpg', '31');
INSERT INTO `proimages` VALUES ('84', '苹果iPhone 6硅胶保护壳', 'http://2c.zol-img.com.cn/product/149/780/cewuyNPA5VNw.jpg', '32');

-- ----------------------------
-- Table structure for protype
-- ----------------------------
DROP TABLE IF EXISTS `protype`;
CREATE TABLE `protype` (
  `id` tinyint(25) NOT NULL AUTO_INCREMENT,
  `type` varchar(255) DEFAULT NULL,
  PRIMARY KEY (`id`)
) ENGINE=MyISAM AUTO_INCREMENT=6 DEFAULT CHARSET=utf8;

-- ----------------------------
-- Records of protype
-- ----------------------------
INSERT INTO `protype` VALUES ('1', 'apple iPhone');
INSERT INTO `protype` VALUES ('2', 'apple Mac');
INSERT INTO `protype` VALUES ('3', 'apple iPad');
INSERT INTO `protype` VALUES ('4', 'apple iWatch');
INSERT INTO `protype` VALUES ('5', 'apple 配件');

-- ----------------------------
-- Table structure for shopcart
-- ----------------------------
DROP TABLE IF EXISTS `shopcart`;
CREATE TABLE `shopcart` (
  `id` tinyint(25) NOT NULL AUTO_INCREMENT,
  `userid` tinyint(25) NOT NULL,
  `proid` tinyint(25) NOT NULL,
  `num` tinyint(11) DEFAULT NULL,
  `price` float(22,2) DEFAULT NULL,
  `styleid` tinyint(25) NOT NULL,
  `createtime` datetime DEFAULT NULL,
  PRIMARY KEY (`id`),
  KEY `userid` (`userid`),
  KEY `proid` (`proid`),
  KEY `styleid` (`styleid`)
) ENGINE=MyISAM AUTO_INCREMENT=68 DEFAULT CHARSET=utf8;

-- ----------------------------
-- Records of shopcart
-- ----------------------------
INSERT INTO `shopcart` VALUES ('23', '1', '7', '1', '3588.00', '15', '2015-12-22 13:50:00');
INSERT INTO `shopcart` VALUES ('24', '1', '2', '1', '2566.00', '2', '2015-12-22 13:50:00');
INSERT INTO `shopcart` VALUES ('26', '1', '13', '1', '3388.00', '29', '2016-03-11 14:35:00');
INSERT INTO `shopcart` VALUES ('25', '1', '3', '1', '3250.00', '3', '2016-03-11 14:34:00');
INSERT INTO `shopcart` VALUES ('27', '11', '2', '6', '2566.00', '2', '2016-03-11 15:09:00');
INSERT INTO `shopcart` VALUES ('28', '10', '2', '1', '2566.00', '2', '2016-03-11 15:13:00');
INSERT INTO `shopcart` VALUES ('42', '15', '6', '1', '7688.00', '12', '2016-03-11 16:18:00');
INSERT INTO `shopcart` VALUES ('41', '15', '2', '1', '2566.00', '2', '2016-03-11 16:18:00');
INSERT INTO `shopcart` VALUES ('52', '9', '6', '1', '7688.00', '11', '2016-03-11 16:42:00');

-- ----------------------------
-- Table structure for style
-- ----------------------------
DROP TABLE IF EXISTS `style`;
CREATE TABLE `style` (
  `id` tinyint(25) NOT NULL AUTO_INCREMENT,
  `name` varchar(255) DEFAULT NULL,
  `image` text,
  `proid` tinyint(25) NOT NULL,
  `perPrice` float(22,0) DEFAULT NULL,
  `oldperprice` float(22,0) DEFAULT NULL,
  PRIMARY KEY (`id`),
  KEY `proid` (`proid`)
) ENGINE=MyISAM AUTO_INCREMENT=70 DEFAULT CHARSET=utf8;

-- ----------------------------
-- Records of style
-- ----------------------------
INSERT INTO `style` VALUES ('1', '黑色', 'http://image.it168.com/n/60x45/4/4409/4409823.jpg', '1', null, null);
INSERT INTO `style` VALUES ('5', '深空灰', 'http://img13.360buyimg.com/n9/s38x38_jfs/t2206/169/764162248/326487/6d64c13c/562a0d7eN2a906b5d.jpg', '4', null, null);
INSERT INTO `style` VALUES ('6', '高贵银', 'http://img11.360buyimg.com/n9/s38x38_jfs/t2014/178/792507236/323000/3631b845/562a0db1N88eb1b31.jpg', '4', null, null);
INSERT INTO `style` VALUES ('2', '黑色', 'http://image.it168.com/n/60x45/6/6139/6139915.jpg', '2', null, null);
INSERT INTO `style` VALUES ('46', '12W USB 电源适配器', null, '17', null, null);
INSERT INTO `style` VALUES ('3', '高贵银', 'http://img11.360buyimg.com/n9/jfs/t2089/323/945086915/93691/631f780c/56374c5dN5e226ee6.jpg', '3', null, null);
INSERT INTO `style` VALUES ('4', '土豪金', 'http://img11.360buyimg.com/n9/jfs/t1441/161/1218054937/118347/9539b0ee/55c17dc0Nd62f4a8e.jpg', '3', null, null);
INSERT INTO `style` VALUES ('7', '玫瑰金', 'http://img11.360buyimg.com/n9/s38x38_jfs/t2209/71/820443045/306734/b1d7d9ca/562d8846Nfd67fcfb.jpg', '5', null, null);
INSERT INTO `style` VALUES ('8', '金色', 'http://img13.360buyimg.com/n9/s38x38_jfs/t2245/68/805501930/287032/fe4cb12f/562d885bNdbe4114d.jpg', '5', null, null);
INSERT INTO `style` VALUES ('9', '银色', 'http://img10.360buyimg.com/n9/s38x38_jfs/t2161/47/817698738/299207/76e05c43/562d886bN60c7b4ba.jpg', '5', null, null);
INSERT INTO `style` VALUES ('10', '深空灰', 'http://img12.360buyimg.com/n9/s38x38_jfs/t2290/90/821624005/286387/ab4af99a/562d887cN0445fac8.jpg', '5', null, null);
INSERT INTO `style` VALUES ('11', '21.5英寸 1.4GHz', '', '6', '7688', '8788');
INSERT INTO `style` VALUES ('12', '21.5英寸 2.7GHz', null, '6', '8788', '9877');
INSERT INTO `style` VALUES ('13', '21.5英寸 2.9GHz', null, '6', '8878', '9999');
INSERT INTO `style` VALUES ('14', '27英寸 3.2GHz', null, '6', '10888', '12000');
INSERT INTO `style` VALUES ('15', '4GB 内存 500GB 硬盘', 'http://img13.360buyimg.com/n9/jfs/t2380/357/871339911/44566/b968e8a5/5631d221Nde64bf21.jpg', '7', '3588', '3688');
INSERT INTO `style` VALUES ('16', '8GB 内存 1TB 硬盘', 'http://img13.360buyimg.com/n9/jfs/t2380/357/871339911/44566/b968e8a5/5631d221Nde64bf21.jpg', '7', '4588', '4766');
INSERT INTO `style` VALUES ('17', '8GB 内存 1TB Fusion Drive', 'http://img13.360buyimg.com/n9/jfs/t2380/357/871339911/44566/b968e8a5/5631d221Nde64bf21.jpg', '7', '7188', '7455');
INSERT INTO `style` VALUES ('18', '4GB内存 128GB SSD', null, '8', '6088', '6234');
INSERT INTO `style` VALUES ('19', '4GB内存 256GB SSD', null, '8', '7888', '8788');
INSERT INTO `style` VALUES ('20', '8G,128G SSD', null, '9', '8888', '9955');
INSERT INTO `style` VALUES ('21', '8G,256G SSD', null, '9', '9678', '11000');
INSERT INTO `style` VALUES ('22', '8G,512G SSD', null, '9', '12398', '14444');
INSERT INTO `style` VALUES ('23', '黑色16G', 'http://img12.360buyimg.com/n5/jfs/t1849/323/904273634/116877/cf247b8b/56334ae5Nb6a93b63.jpg', '10', '1555', '1655');
INSERT INTO `style` VALUES ('24', '黑色32G', 'http://img12.360buyimg.com/n5/jfs/t1849/323/904273634/116877/cf247b8b/56334ae5Nb6a93b63.jpg', '10', '1800', '2000');
INSERT INTO `style` VALUES ('25', '深空灰', 'http://img10.360buyimg.com/n9/jfs/t2032/188/831188955/131040/a885e679/562e0421N62d4278f.jpg', '11', null, null);
INSERT INTO `style` VALUES ('26', '黑色', 'http://img11.360buyimg.com/n9/jfs/t2365/196/852723994/128709/8e0d557e/562e041fN251d9a29.jpg', '11', null, null);
INSERT INTO `style` VALUES ('27', '深空灰', 'http://img10.360buyimg.com/n9/jfs/t2032/188/831188955/131040/a885e679/562e0421N62d4278f.jpg', '12', null, null);
INSERT INTO `style` VALUES ('28', '黑色', 'http://img11.360buyimg.com/n9/jfs/t2365/196/852723994/128709/8e0d557e/562e041fN251d9a29.jpg', '12', null, null);
INSERT INTO `style` VALUES ('29', '金色', 'http://img12.360buyimg.com/n9/jfs/t2290/219/129870187/59996/98a5bd3a/55f0fd7dN185f008f.jpg', '13', null, null);
INSERT INTO `style` VALUES ('30', '银色', 'http://img14.360buyimg.com/n9/jfs/t2167/255/127633612/59996/98a5bd3a/55f0fda2N0518a2dc.jpg', '13', null, null);
INSERT INTO `style` VALUES ('31', '深空灰色', 'http://img10.360buyimg.com/n9/jfs/t2407/307/127158377/62541/af31616b/55f0fd89N6106ab31.jpg', '13', null, null);
INSERT INTO `style` VALUES ('32', '金色', 'http://img12.360buyimg.com/n9/jfs/t2290/219/129870187/59996/98a5bd3a/55f0fd7dN185f008f.jpg', '14', null, null);
INSERT INTO `style` VALUES ('33', '银色', 'http://img14.360buyimg.com/n9/jfs/t2167/255/127633612/59996/98a5bd3a/55f0fda2N0518a2dc.jpg', '14', null, null);
INSERT INTO `style` VALUES ('34', '深空灰色', 'http://img10.360buyimg.com/n9/jfs/t2407/307/127158377/62541/af31616b/55f0fd89N6106ab31.jpg', '14', null, null);
INSERT INTO `style` VALUES ('35', 'Sport玫瑰金色表壳薰衣草紫表带', 'http://img14.360buyimg.com/n9/jfs/t1981/127/175937316/65937/d3da2d66/55f2a4d0Nac902cb8.jpg', '15', null, null);
INSERT INTO `style` VALUES ('36', 'Sport 玫瑰金色表壳 岩石色表带', 'http://img13.360buyimg.com/n9/jfs/t2167/170/162005928/68773/45899e03/55f2a506Nbac49740.jpg', '15', null, null);
INSERT INTO `style` VALUES ('37', 'Sport 金色表壳 古董白色表带', 'http://img11.360buyimg.com/n9/jfs/t1927/205/185651140/60721/4f0a1812/55f2a4d7Ne6124a9f.jpg', '15', null, null);
INSERT INTO `style` VALUES ('38', 'Sport 金色表壳 午夜蓝色表带', 'http://img11.360buyimg.com/n9/jfs/t2356/203/172888716/71222/776d8567/55f2a4d9Nd6156a19.jpg', '15', null, null);
INSERT INTO `style` VALUES ('39', 'Sport 银色表壳 橙色表带', 'http://img11.360buyimg.com/n9/jfs/t2317/197/153267228/77504/b4003403/55f2a4d5Nd0d4dde7.jpg', '15', null, null);
INSERT INTO `style` VALUES ('40', '不锈钢表壳 (PRODUCT)RED表带', 'http://img10.360buyimg.com/n9/jfs/t2383/157/157464758/75686/25602f44/55f2a4faN80018419.jpg', '16', null, null);
INSERT INTO `style` VALUES ('41', '不锈钢表壳 白色表带', 'http://img13.360buyimg.com/n9/jfs/t1801/298/849684560/60151/f5bd00aa/55dc5398N6d9f8134.jpg', '16', null, null);
INSERT INTO `style` VALUES ('42', '不锈钢表壳 黑色表带', 'http://img13.360buyimg.com/n9/jfs/t1807/287/933415261/68212/dd255bd3/55dc538fN6ffd5434.jpg', '16', null, null);
INSERT INTO `style` VALUES ('43', '不锈钢表壳 米兰尼斯表带', 'http://img10.360buyimg.com/n9/jfs/t2446/233/159288769/66270/f379d9b7/55f2a4ffN28b2d0d5.jpg', '16', null, null);
INSERT INTO `style` VALUES ('44', '深空黑色不锈钢表壳 黑色表带', 'http://img10.360buyimg.com/n9/jfs/t2446/233/159288769/66270/f379d9b7/55f2a4ffN28b2d0d5.jpg', '16', null, null);
INSERT INTO `style` VALUES ('45', '5W USB 电源适配器', null, '17', null, null);
INSERT INTO `style` VALUES ('47', '白色', 'http://img11.360buyimg.com/n5/g7/M03/08/0C/rBEHZVBziAMIAAAAAABUEjw0EYQAABo1gF1VYEAAFQq465.jpg', '18', null, null);
INSERT INTO `style` VALUES ('48', '白色', 'http://img10.360buyimg.com/n5/jfs/t337/128/1672949845/33364/7a34e733/543f6cf9Ne550cda4.jpg', '19', null, null);
INSERT INTO `style` VALUES ('49', '白色', 'http://img12.360buyimg.com/n5/g8/M02/10/04/rBEHZ1DACbQIAAAAAAB7YtgrztEAADJpQHoIQ0AAHt6900.jpg', '20', null, null);
INSERT INTO `style` VALUES ('54', '白色', null, '25', null, null);
INSERT INTO `style` VALUES ('53', '白色', null, '24', null, null);
INSERT INTO `style` VALUES ('50', '白色', '', '21', null, null);
INSERT INTO `style` VALUES ('51', '白色', null, '22', null, null);
INSERT INTO `style` VALUES ('52', '白色', null, '23', null, null);
INSERT INTO `style` VALUES ('55', '白色', null, '26', null, null);
INSERT INTO `style` VALUES ('56', '白色', null, '27', null, null);
INSERT INTO `style` VALUES ('57', '黑色', null, '28', null, null);
INSERT INTO `style` VALUES ('58', '白色', null, '29', null, null);
INSERT INTO `style` VALUES ('59', '金黄色', 'http://2e.zol-img.com.cn/product/128_280x210/944/ce0H5NfLl2hYU.jpg', '30', null, null);
INSERT INTO `style` VALUES ('60', '黑色', 'http://2a.zol-img.com.cn/product/148_280x210/82/ceKybLMKarAkg.jpg', '31', null, null);
INSERT INTO `style` VALUES ('61', '粉红色', 'http://2c.zol-img.com.cn/product/149_280x210/780/cewuyNPA5VNw.jpg', '32', null, null);

-- ----------------------------
-- Table structure for user
-- ----------------------------
DROP TABLE IF EXISTS `user`;
CREATE TABLE `user` (
  `id` tinyint(25) NOT NULL AUTO_INCREMENT,
  `name` varchar(255) NOT NULL,
  `email` varchar(255) NOT NULL,
  `password` varchar(255) NOT NULL,
  `headimage` varchar(255) DEFAULT 'content/assets/images/Koala.jpg',
  `phone` varchar(255) DEFAULT NULL,
  `QQ` varchar(255) DEFAULT NULL,
  `birthday` datetime DEFAULT NULL COMMENT '2007-12-06 00:00:00',
  `adress` text,
  `level` tinyint(11) DEFAULT '1',
  PRIMARY KEY (`id`)
) ENGINE=MyISAM AUTO_INCREMENT=21 DEFAULT CHARSET=utf8;

-- ----------------------------
-- Records of user
-- ----------------------------
INSERT INTO `user` VALUES ('1', 'jude', '1105734577@qq.com', '111111', 'filecontent/upload/9/6/176f8267-560d-4889-8bbe-1bbb59abee92_Koala.jpg', '18817802291', '1105734577', '2007-12-06 00:00:00', '上海第二工业大学河南男生宿舍', '1');
INSERT INTO `user` VALUES ('2', 'mike', '34454565@qq.com', '111111', 'content/assets/images/Koala.jpg', null, '1105734577', null, null, '1');
INSERT INTO `user` VALUES ('3', 'judemike', '21343@qq.com', '22222222', 'content/assets/images/Koala.jpg', null, null, null, null, '1');
INSERT INTO `user` VALUES ('4', 'mikeee', '353454@qq.com', '333333', 'content/assets/images/Koala.jpg', null, null, null, null, '1');
INSERT INTO `user` VALUES ('8', 'jdll', '3333@qq.com', '222222', 'content/assets/images/Koala.jpg', null, null, null, null, '1');
INSERT INTO `user` VALUES ('9', 'lanju', '1112@qq.com', '111111', 'content/assets/images/Koala.jpg', null, null, null, null, '1');
INSERT INTO `user` VALUES ('10', 'lanlan', '3233@qq.com', '111111', 'content/assets/images/Koala.jpg', '18817802232', '22121133', '2003-03-11 00:00:00', '上海第二工业大学', '1');
INSERT INTO `user` VALUES ('11', 'lanxue', '332@qq.com', '111111', 'filecontent/upload/13/11/deaf3635-3d93-4c1e-909b-d7444a0ec0b9_Penguins.jpg', '18817802212', '232222', '2004-03-15 00:00:00', '上海第二工业大学', '1');
INSERT INTO `user` VALUES ('12', 'yuxue', '22231@qq.com', '222222', 'filecontent/upload/8/12/ca2ff6a7-7d59-4e6c-91cc-a8fe4653ef8e_Penguins.jpg', '18817802432', '442333', '2000-03-14 00:00:00', '上海第二工业大学', '1');
INSERT INTO `user` VALUES ('13', 'chenchen', '43222@qq.com', '111111', 'filecontent/upload/0/9/141548f0-a1af-42b7-8df7-10028b7663f2_Penguins.jpg', '18817802243', '33333333', '2006-03-14 00:00:00', '上海第二工业大学', '1');
INSERT INTO `user` VALUES ('14', 'chanee', '432333@qq.com', '232323', 'content/assets/images/Koala.jpg', null, null, null, null, '1');
INSERT INTO `user` VALUES ('15', 'chanel', '4444@qq.com', '111111', 'filecontent/upload/14/1/bb4cb81c-adc7-437c-ae8c-5f27fe86dc8e_Penguins.jpg', '18817802231', '45456554', '2008-03-19 00:00:00', '上海第二工业大学', '1');
INSERT INTO `user` VALUES ('16', 'chann', '5555@qq.com', '111111', 'filecontent/upload/0/8/82d941c9-743c-444c-9c9b-cdb3f51ef526_Penguins.jpg', '18817802254', '423444', '2004-06-14 00:00:00', '上海第二工业大学', '1');
INSERT INTO `user` VALUES ('17', 'chenchenyu', '6666@qq.com', '111111', 'filecontent/upload/14/11/8dc7bfc0-6e2a-4f84-a639-1e9091727141_Penguins.jpg', '18817804322', '444455', '2004-03-08 00:00:00', '上海第二工业大学', '1');
INSERT INTO `user` VALUES ('18', 'yunnan', '7777@qq.com', '111111', 'filecontent/upload/6/5/06149ea5-545b-4342-b8ec-482996e10ea5_Penguins.jpg', '18817803212', '4444553', '2003-05-22 00:00:00', '上海第二工业大学', '1');
INSERT INTO `user` VALUES ('19', 'yunlin', '9999@qq.com', '111111', 'filecontent/upload/15/4/03eecf58-2915-4c46-bb58-b5b7a3c74d77_Penguins.jpg', '18817805432', '54543344', '2001-01-22 00:00:00', '上海第二工业大学', '1');
INSERT INTO `user` VALUES ('20', 'yunbe', '8888@qq.com', '111111', 'filecontent/upload/7/1/60eebd94-a9b1-4f55-8a5b-ea81ac3fd231_Penguins.jpg', '18818802232', '3334433', '2002-02-12 00:00:00', '上海第二工业大学', '1');
